TrackerModel,Age,Gender,EducationYears,MaritalStatus,DailySteps,FitnessRating,AnnualIncome,WorkoutHoursWeekly,ResidenceArea,DeviceUsageHours
Basic,64,Male,12.0,Single,1042.8493661724588,5,187567,3.802806095903465,Urban,1.1096871635462553
Pro,29,Female,16.0,Married,10129.366936508806,2,33703,4.096903627962879,Urban,2.751367163152794
Advanced,33,Male,14.0,Single,2815.520332674422,3,181887,1.9348028051628219,Urban,2.388114252362053
Advanced,41,Male,,Single,12010.259485286997,3,180637,4.91406471922157,Urban,1.7580332775243834
Basic,36,Female,14.0,Divorced,6509.639718100649,3,137491,7.669425842462032,Urban,2.6185904001445044
Basic,25,Female,12.0,Single,6864.99905420647,1,78453,1.4841766091435877,Rural,1.8727619616773292
Basic,48,Male,14.0,Married,5616.798281746484,3,108478,2.8204819847049523,Urban,1.7709874084927217
Pro,38,Female,12.0,Single,6635.883378233771,1,53161,3.9632149483361836,Urban,2.2376674627137456
Advanced,34,Female,14.0,Married,11755.59403544411,3,134296,5.072812423991633,Urban,1.4683227500848406
Advanced,40,Female,10.0,Single,1000.0,3,160788,2.380907429421062,Suburban,2.510812382199974
Basic,54,Male,12.0,Single,11330.896158264564,2,53349,0.0,Urban,1.4720050940365783
Pro,33,Male,16.0,Single,8514.070443305125,4,67098,6.21837898832805,Rural,1.4749726050884069
Pro,23,Female,12.0,Single,3878.935056428353,1,128435,5.021012239168285,Rural,1.5451551057958328
Basic,25,Female,16.0,Single,4274.062820852287,4,151204,0.014104939026669872,Urban,2.379750018758061
Basic,42,Female,12.0,Married,12529.17908162461,2,71990,2.2848624164408884,Urban,1.6916123192401462
Basic,35,Male,14.0,Married,4663.479360171807,2,88921,6.636364859054652,Urban,1.3260021078164157
Basic,42,Male,14.0,Married,4039.948468212122,1,187610,6.395592836915732,Suburban,1.697160000032101
Advanced,29,Female,14.0,Married,10911.943627094188,5,120572,5.377280045357889,Urban,1.9839788146597566
Advanced,32,Female,12.0,Single,8515.658628857742,1,27213,3.147775132080275,Urban,1.4095137581678072
Basic,43,Female,12.0,Single,4686.223270390803,1,144693,3.66597483762502,Urban,1.4241594454828284
Advanced,58,Female,10.0,Single,8149.874926213857,2,195295,3.2381483897477468,Suburban,3.0556481670497924
Basic,62,Female,12.0,Single,4422.741949079168,3,111655,5.756479566537675,Urban,1.5697172980930565
Basic,43,Female,14.0,Married,10802.464195267816,3,88371,1.7483151870097797,Urban,1.8384788156134966
Basic,64,Male,18.0,Married,10684.1128946194,1,88274,1.8884006902315906,Suburban,1.816381499600357
Advanced,49,Female,16.0,Single,9096.01859646583,2,127853,,Suburban,1.789321596114779
Advanced,27,Male,16.0,Single,8584.98318374105,2,24134,3.4112770889768766,Rural,2.310673369984551
Basic,33,Female,16.0,Married,12783.564374602121,2,111428,6.2569347109076165,Urban,2.4740714752360247
Advanced,24,Female,14.0,Married,7499.058982164676,2,59601,2.1569755860389086,Suburban,1.847022784234204
Advanced,34,Male,12.0,Single,3954.3776237375964,3,93889,3.39044327932235,Suburban,1.3817608567038255
Basic,40,Male,18.0,Divorced,8848.42173849692,2,35690,1.6551740303120934,Urban,2.6372201139244518
Advanced,43,Male,14.0,Divorced,13758.141148611341,2,21909,3.5147253628471344,Suburban,1.9523294544016587
Basic,38,Male,14.0,Single,4455.721520442444,2,111239,0.5429061260024022,Urban,2.865160907428584
Basic,39,Female,12.0,Single,6415.611699918043,5,100032,2.5247331580900743,Rural,0.8772070512174186
Pro,24,Male,14.0,Married,8749.338114304359,5,32062,0.6274922701437644,Urban,2.09770161064166
Pro,31,Female,14.0,Divorced,7338.285452982783,4,95386,4.887846466382516,Suburban,2.959303166938104
Pro,32,Male,16.0,Married,4553.089258868056,2,185803,4.933178679519303,Urban,1.8233679322809209
Basic,24,Female,14.0,Single,10865.573568691412,1,156225,0.03947453903131004,Rural,1.887253288332682
Basic,26,Female,12.0,Single,14460.122166051779,2,161553,6.167771491001146,Urban,2.1477558457951695
Advanced,25,Female,,Married,8088.394377071722,2,119270,8.494830252839709,Rural,1.7206020905575214
Advanced,40,Female,12.0,Married,4787.795130791999,3,86425,3.592012773472682,Rural,1.8439640339736336
Basic,46,Female,14.0,Single,2853.118424839575,3,104981,2.21777147955071,Urban,1.8310924529042985
Advanced,35,Female,10.0,Married,8273.927943663542,4,124470,9.148661182006093,Rural,1.6862896327868133
Basic,48,Male,16.0,Married,10811.632029948772,4,179277,0.8620630033949785,Rural,2.6144282751002796
Pro,47,Female,18.0,Married,8925.503239486145,2,108887,3.540212933738197,Urban,2.2305390161482177
Basic,56,Male,12.0,Married,7492.788477243438,3,101542,3.859244545263847,Urban,2.125314116051651
Advanced,52,Male,16.0,Married,5732.185044632081,2,195221,6.190295240904829,Suburban,2.4042855034450583
Basic,35,Female,12.0,Single,4223.5091018457315,1,69112,4.219477950253577,Urban,1.8678220833982666
Advanced,59,Male,18.0,Married,10004.253978974646,3,162012,2.5027322084230974,Urban,1.6128980908235497
Advanced,56,Female,16.0,Single,10241.314864156757,1,79010,1.5976312592240878,Urban,1.6986878476927214
Basic,34,Male,16.0,Married,2862.8106399278004,2,44485,2.816356359507729,Urban,2.0008915205523046
Pro,31,Female,10.0,Single,12269.51693454205,2,109299,1.4861452781097118,Urban,1.470394145813549
Advanced,48,Male,,Married,9222.213662682005,3,125584,3.595650639569366,Urban,1.7498694917066622
Pro,41,Female,16.0,Single,11698.78393543738,3,152139,2.371607640279027,Rural,1.7419416790642828
Pro,52,Female,12.0,Single,3473.6167545446547,2,40607,0.5119244134204988,Suburban,3.062278114914507
Advanced,61,Female,16.0,Single,3402.527533753683,4,81597,6.0102915767498075,Urban,0.6130925300330416
Pro,62,Female,12.0,Single,7053.09207069811,2,94554,2.5046549531419213,Suburban,1.9101901392971834
Basic,51,Male,16.0,Married,9008.353280685582,2,199593,0.9637263900493749,Suburban,2.8628468964073854
Basic,20,Female,12.0,Married,12889.08246878089,3,35187,3.163481731024917,Rural,2.060922232066227
Basic,54,Male,16.0,Married,96182.36741445394,3,23985,3.6367431319353174,Urban,2.3767087367105466
Basic,60,Male,14.0,Single,6771.9561695639,5,194124,0.007066548841932807,Urban,2.049913157549884
Basic,57,Male,10.0,Single,4420.892377002323,2,170635,4.163295334251526,Rural,1.6663333093917598
Basic,43,Female,12.0,Single,11190.001718157451,3,198394,1.405684862619471,Rural,0.8790420327455435
Pro,40,Male,10.0,Single,4605.883722747856,3,71514,6.922057618381576,Suburban,2.1027278435181516
Basic,61,Male,14.0,Married,12385.405664316964,4,38608,4.547921024153469,Suburban,1.6121966976988045
Basic,56,Male,12.0,Single,6646.846051180472,1,91327,2.700200019781367,Urban,1.5998322969173482
Advanced,32,Female,14.0,Single,12271.74621785355,3,37221,2.009664459365299,Suburban,1.7505063720104441
Basic,21,Female,12.0,Single,9536.793870177835,3,68506,3.290064584872752,Urban,2.8724307033117467
Pro,46,Male,12.0,Single,7089.0135316726255,2,40968,4.72558148316658,Urban,3.2024187711269865
Basic,39,Female,16.0,Married,5941.81088452162,2,147677,3.4490117428296005,Rural,2.1086039687642004
Pro,42,Female,10.0,Married,6477.27636796176,2,179009,3.0656823857262867,Urban,1.7676163880441362
Advanced,30,Male,18.0,Single,8784.950077125712,3,192903,3.616740581635791,Urban,1.4113867912743947
Basic,35,Male,16.0,Single,7731.469488653151,4,194005,2.2922821375260907,Rural,2.2342700807730345
Basic,50,Female,14.0,Single,5718.565775793884,3,198379,2.8135881463139247,Urban,2.891452800032572
Pro,33,Male,14.0,Single,7003.105769047103,3,199412,0.0,Rural,1.8763298064874216
Advanced,62,Female,16.0,Single,7735.73108915745,3,122951,5.447452461704735,Rural,0.8105019796233879
Advanced,59,Female,12.0,Divorced,1113.7977167555637,1,128306,4.097595560643524,Suburban,2.335024835907762
Advanced,61,Female,10.0,Married,8874.504344366096,2,63601,1.9530883119331397,Urban,2.4926998557250246
Basic,19,Female,12.0,Married,4560.836325849579,2,92178,7.297469962710478,Urban,1.2070771798070763
Basic,52,Female,16.0,Single,4040.002790382765,2,179826,3.674032960784773,Urban,2.0882420918314764
Basic,59,Female,10.0,Single,2437.966958667869,1,194382,1.4277128560496064,Urban,2.2256130080680494
Pro,51,Male,14.0,Married,21183.22506396329,3,89893,5.213474842940917,Urban,1.9634463489955307
Advanced,47,Male,,Married,3433.657490663132,2,106799,4.2960964330185245,Rural,1.604614540457323
Basic,30,Female,16.0,Married,5372.937127108529,2,68367,4.289159970968439,Urban,2.507968611781778
Basic,30,Female,14.0,Single,13359.777412579704,2,33201,2.648488790696819,Suburban,1.7983101270156587
Basic,35,Female,10.0,Married,5922.360972314388,1,153811,4.40099144755607,Urban,1.2574069186500338
Basic,49,Male,16.0,Single,8033.250318804094,4,33231,2.9764834195578107,Suburban,0.9752627571651595
Advanced,49,Female,14.0,Married,8701.444159518986,4,193567,4.611882903291685,Rural,2.630424759999655
Advanced,52,Male,12.0,Married,7893.195558647546,3,172240,,Urban,2.308331988235559
Pro,56,Female,10.0,Married,7267.669617822019,1,183696,2.6322530740416217,Urban,2.0439867735645847
Advanced,63,Female,18.0,Single,3914.118709202266,3,161707,6.9443101956163895,Suburban,1.7798626815745981
Basic,46,Male,14.0,Married,11852.782644837636,4,29964,1.965865089199399,Suburban,1.7355007928984365
Advanced,46,Male,16.0,Single,12921.589930913655,3,178857,2.2923234050136267,Suburban,1.4621316757791942
Advanced,61,Female,16.0,Single,2452.023917631943,1,32336,2.60407732310005,Urban,1.7842721777200576
Advanced,33,Female,14.0,Single,4427.9142273408615,3,97475,1.0703877282227134,Urban,0.9399563924399128
Advanced,61,Female,14.0,Married,6660.568972868981,4,178484,0.0,Rural,1.631968173265743
Advanced,64,Male,14.0,Single,4606.386615269426,3,102212,3.038827202952774,Rural,1.844531241824453
Advanced,27,Male,12.0,Single,9017.896660367596,3,95379,3.7717188481633137,Urban,2.3049400235952096
Advanced,47,Male,14.0,Married,5315.183392780161,2,65591,3.394989862922696,Rural,1.9800367683133182
Basic,42,Male,16.0,Single,13995.168203419807,3,81750,3.2102428761042265,Urban,2.3974615569377793
Basic,56,Male,14.0,Married,11071.645783030788,1,110648,3.586081741700775,Urban,2.6745675525567147
Basic,37,Male,16.0,Single,8137.722091896645,3,116134,5.545682943101529,Urban,2.529085046912051
Advanced,22,Female,14.0,Single,10580.958789959197,1,186526,3.1191076281415664,Urban,2.2352549236892783
Basic,18,Female,14.0,Married,10817.701273071927,2,118537,2.3518348458254605,Suburban,2.005931339590392
Advanced,47,Male,14.0,Single,5808.15753582527,2,82672,2.937749030223827,Urban,1.5096059957932204
Pro,20,Female,14.0,Single,5051.348266374105,3,47228,4.658693519513552,Urban,2.369972025689658
Basic,62,Female,16.0,Married,7734.429188908943,1,34429,6.324053757086499,Suburban,2.8398736911107645
Advanced,31,Male,12.0,Married,10084.908373493832,3,104294,2.243712521661643,Suburban,2.171053019825209
Advanced,47,Female,14.0,Married,7917.181195960253,3,135577,3.6978675740577676,Suburban,2.9586295742130613
Basic,21,Male,12.0,Single,2769.0105534270087,1,108074,4.176714883871919,Rural,1.2372141459694581
Basic,35,Male,12.0,Single,5091.526668147473,1,88936,1.5148439865423542,Urban,1.4229183076102294
Basic,54,Female,14.0,Married,7278.081409216866,1,77378,3.540834334425836,Suburban,2.427600753874131
Basic,42,Male,14.0,Married,7273.003187022509,4,57310,0.5686522853158098,Suburban,2.1321451050766256
Pro,18,Male,,Married,13417.626530369424,3,121827,0.0,Suburban,2.656891088285904
Pro,63,Male,14.0,Married,3342.0361728030057,2,186328,4.233492815784514,Urban,1.9922641796366303
Advanced,32,Male,16.0,Married,9016.767725507623,1,119862,2.7322505173384344,Urban,1.566012288735834
Pro,26,Male,14.0,Single,11967.339324984869,3,58889,,Rural,1.8932033788974787
Pro,32,Male,14.0,Single,14314.349236268388,4,71428,3.4642100459833,Urban,1.233658014538133
Basic,41,Male,10.0,Married,6286.807730448116,4,130502,1.5471999026724053,Rural,1.4357046634514827
Pro,21,Male,12.0,Single,8974.2883581606,3,188279,3.409491396071327,Suburban,2.486221998959005
Advanced,29,Female,12.0,Single,9209.28107159594,1,70255,1.0337973899702897,Suburban,2.4363937072348048
Pro,54,Female,14.0,Married,8086.445194659873,1,125824,6.281944716002801,Rural,2.1815021424030383
Pro,54,Female,10.0,Married,7203.464396282082,1,25409,0.7880593102800724,Suburban,1.1394612395197652
Basic,60,Male,12.0,Single,8807.926168500138,2,62438,,Urban,1.8207982122435558
Basic,23,Male,12.0,Single,1000.0,1,27869,1.4154568239055032,Suburban,1.3875000556699746
Basic,56,Female,,Single,9546.208470187894,2,45958,4.640842346721591,Rural,2.5882666268938825
Advanced,63,Female,12.0,Married,7878.533710985902,2,170840,,Urban,1.7081389332186994
Pro,41,Female,14.0,Divorced,6832.575309665204,4,177217,2.4626665607575795,Urban,1.4571261446092252
Pro,28,Male,12.0,Single,13640.586587158674,3,95622,5.206403090103109,Urban,2.014898082560712
Basic,30,Female,14.0,Single,5475.197943628344,4,46442,3.5588611833551043,Rural,1.679922771582694
Advanced,51,Female,12.0,Married,6290.772032804907,3,101948,4.533288891871934,Urban,2.7418719551018533
Advanced,42,Male,12.0,Single,13474.6599066142,1,45596,1.5373481269650704,Suburban,1.6325945512329045
Basic,24,Female,14.0,Married,5003.8160854504295,3,95791,0.6903661121449862,Urban,1.3003858703876845
Basic,21,Male,10.0,Divorced,5849.654151190383,2,62406,3.714415924080267,Urban,0.9235432421212422
Basic,25,Male,10.0,Single,7058.92372970745,3,60524,2.8623072890105377,Suburban,1.9846067487932924
Pro,37,Male,12.0,Married,10022.203446388648,2,174404,4.7528693449078885,Urban,1.7190349430710368
Basic,46,Female,10.0,Single,8123.407522059941,5,130160,3.3401830946749005,Suburban,1.2855476967441366
Advanced,62,Female,12.0,Single,3622.123958543212,2,166836,3.9101506784692597,Suburban,2.5946132306278926
Advanced,63,Male,12.0,Married,5903.494310618431,2,178635,0.25323494011751313,Rural,2.333622573714621
Basic,27,Female,16.0,Single,5677.936700363366,4,187442,7.276873879228513,Urban,1.985891060531385
Pro,60,Female,14.0,Divorced,7268.336864330863,1,25062,3.1715160299359364,Rural,2.6821631220854334
Pro,51,Female,14.0,Married,8777.530975889487,3,64645,4.895173940678398,Suburban,2.3312680166993065
Basic,43,Female,12.0,Single,8754.617267663916,3,142759,1.827816659560747,Rural,1.5885720492407838
Advanced,58,Male,18.0,Single,2171.9647378547934,4,27244,4.116019804434682,Urban,1.480389918004617
Basic,20,Female,12.0,Single,10691.822962682569,5,157444,0.8943104729505094,Suburban,2.4089907722269306
Basic,23,Male,10.0,Single,8257.70653798987,5,105501,4.404135676519342,Rural,2.1981834782336755
Basic,22,Male,14.0,Single,11653.596142781718,1,137450,2.7880518312283344,Rural,2.0848738839853307
Advanced,22,Female,12.0,Single,8832.594981872016,4,36956,3.558381007871135,Urban,1.5767510985655464
Advanced,64,Male,12.0,Single,10803.968873207286,3,191545,4.895948060260195,Urban,2.303973783502877
Basic,40,Female,14.0,Married,8899.635934350381,3,164966,1.0349193775594396,Urban,1.6222505584330253
Basic,26,Female,16.0,Married,11538.677268608244,1,36709,2.131016538774406,Urban,1.949006672703161
Pro,52,Male,14.0,Married,9066.751908053335,3,138428,4.4146485621735305,Urban,2.72347207319349
Basic,37,Male,16.0,Single,7206.254260671288,5,35210,7.696442949093494,Urban,1.669582882094927
Basic,59,Male,,Single,14317.304161340646,4,122081,3.2238353306770366,Rural,1.2135053714635695
Advanced,52,Male,12.0,Married,10167.111366839676,2,189746,4.682272235847865,Urban,1.4737264040649447
Pro,35,Female,12.0,Single,9221.233263013239,1,120025,3.28605706028304,Suburban,2.4971494133438115
Basic,34,Female,12.0,Single,3671.0867503849922,2,168805,7.384491189512599,Urban,2.127365568690105
Advanced,41,Female,14.0,Married,3635.077147609387,4,171152,0.0055566660694887915,Urban,1.9355613106556233
Advanced,20,Male,14.0,Married,8378.14644642556,3,144476,3.689242089338716,Urban,1.7454530973442153
Basic,49,Male,18.0,Married,7936.563593304722,2,190781,0.24891193287587798,Urban,2.242679953776595
Advanced,52,Male,16.0,Single,5657.632304975052,1,79846,0.0,Suburban,1.5754475745048881
Basic,55,Female,14.0,Married,7922.94809883618,2,85480,4.094924106235633,Rural,2.1528327843212978
Advanced,30,Male,12.0,Married,12265.880784130786,2,72960,3.7789955922949177,Urban,1.6343727155935215
Advanced,64,Female,16.0,Married,9586.207423650896,4,192224,,Urban,1.551170307362473
Advanced,42,Male,,Married,4076.9744707417854,3,178322,3.287611819920494,Urban,1.6812562825874942
Basic,26,Female,16.0,Married,7165.473518571169,2,105765,9.696598868142516,Rural,1.812296276758019
Pro,21,Female,10.0,Married,5085.100557442318,3,137265,2.9836497239371313,Suburban,1.9755850820331484
Basic,31,Male,14.0,Single,6336.900250774316,1,68137,4.52024872250015,Suburban,2.1177278975555573
Basic,54,Male,10.0,Married,6259.1530031110715,5,138922,2.201270360772238,Suburban,0.5
Basic,51,Female,12.0,Married,6067.063252187984,2,141280,4.090465150081206,Rural,1.5961747211266175
Advanced,28,Female,10.0,Married,3734.5938840798153,2,197484,3.023532649888765,Urban,1.8042150113219804
Advanced,58,Male,14.0,Single,7117.03595544543,2,63876,,Urban,2.7525310193041648
Basic,20,Male,14.0,Single,5818.17708945807,3,114547,7.137797064400649,Rural,1.459998695808934
Advanced,45,Female,12.0,Married,1000.0,3,70227,5.854369926368678,Suburban,2.0813983090499564
Basic,46,Male,12.0,Married,13658.916073504988,3,183522,3.7734932947984614,Suburban,2.747515154867919
Advanced,26,Female,14.0,Divorced,10766.308962650015,2,104433,0.0,Suburban,1.3435157350263636
Basic,20,Female,12.0,Married,6371.097825225012,2,93704,2.7779815534948606,Urban,2.196987612932201
Advanced,42,Male,12.0,Married,7556.457149221796,1,26861,8.906055128810166,Suburban,1.5988640830327399
Basic,51,Male,14.0,Married,3985.036958047315,3,81914,3.038676666720584,Suburban,1.7476831288553827
Pro,29,Male,16.0,Married,12587.168633432597,1,83888,5.706435144107316,Urban,1.5984445830233427
Basic,59,Male,10.0,Married,13191.866084319336,3,99286,6.383884803905202,Suburban,1.634071345792057
Basic,26,Male,10.0,Married,7970.0811847395735,4,81293,3.93792783171195,Rural,3.3609560739532465
Basic,32,Female,12.0,Single,10570.591932556033,4,88515,1.8163567362636954,Urban,2.4222279360358328
Pro,57,Female,18.0,Single,8025.860336801772,2,174596,0.0,Urban,2.5508689308931043
Pro,42,Male,14.0,Married,3489.823683372208,2,27065,4.868326417217909,Urban,2.245996743418248
Basic,22,Male,14.0,Single,6264.529893109028,1,188756,1.8704879943529038,Suburban,1.196871605799021
Advanced,28,Male,12.0,Single,7895.7839003158715,3,108720,3.8523009037753844,Urban,2.1974789851616534
Pro,51,Female,14.0,Single,6136.356843769668,4,184437,1.0003593208212718,Suburban,2.5364648072536733
Advanced,41,Male,10.0,Single,6844.040167694892,2,78876,2.9695249190595954,Rural,1.5733002629804442
Advanced,32,Male,14.0,Single,7225.801327472656,2,174776,3.5674381098021066,Urban,2.4826633335805632
Basic,55,Female,18.0,Single,7257.364506403616,4,156694,4.037187162088596,Rural,2.3521681049270393
Basic,25,Female,14.0,Divorced,7656.7754714924495,4,103797,1.2703556252951715,Rural,2.926020022406835
Pro,22,Male,16.0,Married,4318.184800810197,2,111141,5.893821897522704,Urban,1.7911084937431907
Pro,43,Male,16.0,Single,5348.951552616191,3,122390,2.3062104305360576,Urban,1.4511945088621365
Advanced,35,Male,12.0,Single,3646.247202900092,1,116856,0.1510610790935094,Rural,1.8191859453137271
Basic,23,Female,18.0,Married,10433.446649058602,1,86201,3.2819531600730723,Rural,2.717785496581812
Basic,54,Male,10.0,Single,1183.0591744790263,4,183766,3.56875061805292,Urban,1.0857970595790185
Advanced,30,Male,14.0,Married,10960.771029950776,4,109766,3.8211788663435193,Urban,0.9658121422844839
Pro,45,Male,12.0,Married,11659.04819178853,3,42995,6.224264807370158,Urban,2.0446976394658067
Pro,22,Female,10.0,Married,6593.4582390521355,1,112320,3.027102326528281,Rural,1.778705353612922
Advanced,30,Female,14.0,Single,1000.0,4,100141,3.2607607512624575,Urban,2.0038639465878423
Advanced,34,Male,12.0,Married,6416.068314098128,2,159491,1.293631237533813,Suburban,2.4726558856179324
Basic,57,Male,14.0,Single,7307.447516133542,2,199024,5.141107005775794,Rural,1.7237153269405738
Basic,62,Female,14.0,Divorced,4468.20534021326,3,184909,3.868618128156207,Urban,1.0634970845346898
Pro,49,Female,10.0,Married,5954.344818575271,1,90799,2.659944545411675,Suburban,3.022240778599972
Advanced,46,Female,12.0,Single,12090.585596590054,3,199949,0.0,Urban,1.501385856280612
Basic,20,Female,14.0,Single,9494.781486905224,3,65687,6.388824390110175,Rural,1.4704814389939513
Basic,57,Female,12.0,Single,4726.3076568657,1,57276,1.0446400710878856,Urban,2.551860006861298
Advanced,51,Female,16.0,Married,2707.202491213704,1,54523,2.3174439812605887,Suburban,1.807755439479241
Basic,57,Female,14.0,Single,6518.948047170687,1,74615,4.216689022152006,Suburban,1.9683050739825947
Basic,44,Female,16.0,Married,6859.629661948686,1,30514,1.106884142766627,Urban,2.241395062030159
Advanced,30,Female,14.0,Single,8988.597562089948,3,67456,0.5129804434937131,Urban,2.541791551554998
Advanced,62,Male,14.0,Married,5894.049862297023,4,27233,0.0,Urban,1.833269653409114
Advanced,50,Male,14.0,Married,9034.498726085585,1,21102,4.941993905811271,Urban,2.7599760029571496
Basic,23,Male,12.0,Married,13305.462120180688,1,86133,2.409627510547356,Rural,0.9321000756325972
Advanced,41,Female,12.0,Married,9946.503067332787,3,66715,9.35454018494666,Rural,2.3798936184765385
Basic,36,Male,16.0,Single,7355.734478007682,4,130545,1.5112898687382532,Urban,1.5802362209911713
Basic,33,Female,14.0,Single,6950.548586840116,2,124085,1.6570979531421575,Suburban,2.6861356583039955
Advanced,57,Female,16.0,Married,6429.980597460386,2,129101,2.369214059429197,Suburban,2.0710222394152726
Advanced,45,Male,16.0,Single,11041.922737356434,3,157328,3.9862693102769784,Rural,1.6635473339952993
Pro,50,Female,16.0,Single,5618.059662146092,2,128684,2.5595933224293774,Urban,2.331420546510816
Advanced,58,Male,18.0,Single,7635.668126999948,1,84800,4.724664428005024,Urban,2.446594173603626
Advanced,30,Male,14.0,Single,7653.593705643256,3,114937,1.5428232200226912,Urban,2.3209470614293193
Basic,60,Male,12.0,Single,5994.647421565404,3,61548,0.7368165630728378,Suburban,1.4851518801834698
Basic,62,Female,14.0,Married,33826.03356347697,3,193439,0.0,Urban,1.7579914381889576
Basic,42,Male,12.0,Single,8468.923510853005,3,148845,0.0,Urban,1.9979635814392824
Basic,59,Female,14.0,Married,7316.9880844338495,3,133815,2.4638619610498864,Urban,1.9793701736749698
Pro,53,Male,16.0,Single,9000.72140830971,2,147602,2.898039375213556,Suburban,2.3748727377191736
Basic,44,Male,14.0,Married,5899.1990806825,2,146270,2.2371259450336334,Urban,0.9925493837466959
Pro,55,Male,12.0,Single,11162.463896439143,1,146320,,Urban,2.1671635272767515
Advanced,24,Female,12.0,Married,4869.6786563644655,1,177277,5.95606041921627,Urban,1.85500932278168
Advanced,22,Female,14.0,Married,12636.120852053678,3,45570,2.830394025110996,Urban,1.580749691808024
Advanced,60,Female,12.0,Single,2257.090470515215,4,181327,,Suburban,1.6287566111152003
Advanced,62,Male,16.0,Divorced,8804.310193670673,5,41182,2.3665897838898946,Urban,1.8927311677410181
Advanced,48,Male,12.0,Divorced,8926.292047579871,3,59373,2.300357212165877,Urban,0.5
Basic,40,Female,12.0,Married,5113.328796177353,1,63019,2.185730075443884,Suburban,1.649355214604225
Advanced,59,Female,10.0,Married,8773.181813583038,1,36043,2.1045621922035105,Urban,1.5620925876768532
Basic,27,Female,14.0,Single,11338.556009280477,4,196604,2.1930742085503856,Urban,2.266391604661312
Basic,49,Female,14.0,Married,1000.0,3,39239,2.7269167682044806,Rural,1.5972366587447397
Advanced,60,Female,12.0,Single,9008.234422472444,3,161488,2.228917802368887,Urban,1.892443099914755
Basic,47,Female,10.0,Single,1000.0,3,154484,3.9166450172511844,Urban,2.771138313830651
Pro,56,Male,14.0,Divorced,4603.005589430376,3,101976,4.220737431809722,Urban,2.497175759907712
Pro,48,Female,12.0,Single,12387.499094702835,4,44406,1.6787098256350204,Urban,2.451135699971726
Pro,35,Male,14.0,Married,5754.6538998238375,1,21875,6.042130652014067,Suburban,1.7500637847945741
Basic,53,Male,14.0,Married,3978.3601067730824,3,188138,1.5398753963187717,Suburban,2.271516139644826
Basic,19,Female,12.0,Married,6906.186813045954,4,156824,0.26439877236932574,Suburban,1.883051099773203
Pro,31,Female,12.0,Divorced,13703.719014490656,2,152425,4.261556142730104,Urban,1.901953394661531
Advanced,30,Male,,Single,2004.9532583819218,3,178058,1.8651837311713204,Urban,2.204842671873275
Pro,46,Female,14.0,Single,4346.070265081967,2,34691,,Rural,1.7015032057895338
Pro,29,Female,14.0,Single,11992.29504953888,5,68075,0.0,Rural,2.7465015522216016
Pro,56,Male,12.0,Single,13073.107030613197,1,30794,6.284911882966135,Urban,1.9199349302010313
Basic,19,Male,14.0,Single,7189.706327129148,3,167478,4.844586816080804,Urban,2.3091802831298325
Basic,49,Male,10.0,Single,3782.841892420073,1,95930,0.4990469016739967,Urban,2.727800239628649
Pro,30,Female,14.0,Married,13787.530505427476,3,177944,0.5424457523074286,Urban,2.5158268872875875
Basic,63,Male,,Married,12283.32717524759,1,61708,6.844531808195056,Urban,1.2955404486547377
Basic,44,Female,12.0,Single,9536.840963286699,2,135492,2.025240193004083,Urban,2.222447947504942
Advanced,58,Male,10.0,Married,5062.79295318774,2,126629,1.8316303025347525,Suburban,2.4253596972303235
Pro,34,Male,10.0,Single,7352.91197748589,4,171872,0.0,Suburban,2.4459315110803743
Advanced,57,Male,12.0,Single,7018.919756865507,2,194469,2.798443588796892,Urban,1.4433525829426843
Advanced,48,Female,12.0,Married,8492.553913846734,1,143313,3.0445607703284945,Urban,1.671482381491338
Basic,51,Female,10.0,Married,11853.00431439401,3,188981,4.9309861935389705,Rural,2.4972791178708107
Advanced,41,Male,16.0,Married,10138.25112341221,3,41352,0.701843143631049,Urban,1.6191198146586772
Pro,62,Male,14.0,Single,4267.871769045725,4,121975,0.45942641551878083,Suburban,1.850151971667843
Basic,52,Male,12.0,Married,11629.489350058613,1,113848,4.401925269552954,Urban,2.7879379047509847
Advanced,23,Female,18.0,Married,8439.396420039466,3,166510,5.51346014245413,Suburban,1.9761003748076051
Pro,36,Male,12.0,Married,9561.197387576749,2,64999,0.3576952977642338,Urban,1.6366129310830786
Advanced,47,Female,,Married,11899.62257783581,1,38482,5.663028172599482,Urban,1.5611913215685473
Advanced,24,Male,12.0,Married,4165.259251459347,3,183543,3.5750836829736428,Urban,2.166359664792594
Advanced,27,Male,16.0,Married,7392.523263880611,3,67279,5.683610678149291,Urban,1.3334259957613956
Basic,58,Male,14.0,Married,5905.636345922355,3,129413,,Urban,1.8763320180517908
Basic,49,Male,16.0,Divorced,2796.4217239036325,2,74213,0.0,Suburban,2.1666152674950108
Pro,51,Male,,Married,8540.12993281476,2,133909,3.1960652353679224,Urban,2.6495749102738335
Pro,45,Male,12.0,Single,15034.66965475327,2,33026,5.62028763734254,Urban,2.333774040184998
Pro,32,Female,,Married,1979.7667664827413,5,105184,1.7125079618325714,Suburban,1.6429674410089106
Pro,47,Male,12.0,Single,7403.158166851589,2,25435,2.7240700621850955,Suburban,2.58920965878186
Advanced,54,Female,12.0,Single,9421.62880522432,2,159565,3.1477329928980433,Rural,1.8502424812262612
Advanced,46,Male,12.0,Married,7869.234604968544,2,79321,0.0,Suburban,1.3821484889752955
Advanced,39,Male,14.0,Divorced,7160.615842452778,3,153835,6.8426951508749525,Urban,1.9139793203672637
Advanced,21,Female,12.0,Divorced,3602.350909662527,2,40389,1.697248640205651,Suburban,2.719084600572851
Advanced,37,Male,14.0,Single,8198.360228820491,4,51498,4.511470864945598,Rural,2.0826200250324627
Advanced,49,Female,14.0,Married,5229.708068952221,2,83755,3.3265977277035828,Rural,2.006260932164893
Pro,53,Female,16.0,Single,1000.0,4,121545,6.01523811271872,Urban,2.8186058223514268
Basic,21,Male,16.0,Divorced,11083.776661541193,1,55825,4.312112244856162,Urban,1.2843225764727864
Basic,44,Female,14.0,Divorced,10375.157459526126,3,36934,3.030151456958051,Urban,1.357200442973614
Basic,34,Female,12.0,Married,7654.982930553239,4,25574,1.7129698149614396,Suburban,1.192076764516584
Advanced,29,Male,12.0,Married,8187.224064617108,1,150698,,Suburban,2.1863240932400276
Basic,39,Female,12.0,Married,10722.954038146683,5,189251,0.0,Suburban,2.0832465635575623
Advanced,34,Male,10.0,Married,8173.018970334248,2,152659,4.791780840551785,Urban,2.771368183639888
Advanced,27,Male,12.0,Single,10212.052664283943,4,62782,1.3019104968902546,Suburban,2.121737538568385
Basic,18,Male,12.0,Single,6607.5533973784495,3,80561,6.00456732391328,Rural,1.7979214202603486
Advanced,39,Male,,Married,11435.95121572184,2,155481,3.82259908532539,Urban,2.0008974364390535
Basic,43,Female,14.0,Married,8462.357177798052,1,147159,4.788247535700218,Suburban,2.058853709230479
Basic,35,Male,12.0,Single,8082.155830817622,2,46751,3.6639776276494387,Urban,1.1641193633359164
Pro,31,Male,14.0,Divorced,3689.8167338639037,1,58174,0.0,Rural,3.3551658221674465
Basic,64,Female,12.0,Single,8360.867562905127,1,142678,1.778541673209323,Rural,2.2599355090509556
Basic,46,Male,14.0,Married,5004.135247516646,1,76572,4.844778675222765,Suburban,2.1050041540112945
Advanced,29,Male,14.0,Married,5585.151820414518,2,81416,3.833311634719688,Suburban,2.30758199213929
Advanced,53,Female,14.0,Married,5053.873115051637,3,163113,5.861979810611344,Rural,2.3547054902933025
Basic,52,Female,14.0,Married,4301.295204302325,1,174299,4.306549126074343,Urban,1.9297232572487841
Advanced,29,Female,,Single,13874.314209050885,1,55201,1.5665962185946805,Urban,1.6843794318796497
Basic,24,Female,16.0,Single,11494.01718596521,3,56069,1.907871724558732,Suburban,2.299725343160852
Basic,46,Female,14.0,Married,13261.102506432784,1,46370,3.7058347810464745,Urban,2.192855420265726
Advanced,28,Female,14.0,Married,3831.3149413333085,1,145342,0.0,Urban,1.595054950455296
Advanced,50,Female,14.0,Single,7713.761249732677,1,162658,6.84688377124597,Rural,2.7095178056836318
Advanced,23,Male,12.0,Married,3619.4771243877126,4,145758,4.383493472755115,Suburban,2.1466760181614917
Advanced,64,Female,12.0,Single,5412.915368408808,4,156394,5.954069194097745,Urban,2.3649096811338155
Pro,32,Female,10.0,Married,4745.619049750276,2,85294,0.338792118381662,Urban,2.6959604438399594
Advanced,49,Female,14.0,Married,11218.752019324686,3,99468,5.989130320710512,Urban,2.0109444105824172
Basic,28,Male,14.0,Single,6311.31096569472,3,180371,7.962997822055497,Urban,2.1584760034920576
Advanced,40,Male,12.0,Single,10705.138001082049,3,110715,0.8582432892453649,Urban,2.405013619253058
Basic,43,Female,,Married,9312.362668765554,3,90793,5.042803589807534,Suburban,1.637569458099974
Advanced,51,Female,18.0,Married,14410.916256314367,3,197573,3.502219889374586,Urban,2.0270258314230003
Basic,63,Female,16.0,Married,3061.667330580828,2,131672,0.4111323035035115,Urban,2.062774293325574
Basic,51,Male,14.0,Married,11277.699719360397,1,160849,4.485767943703739,Urban,1.5219707241583027
Pro,46,Male,16.0,Married,10939.322611202184,2,162321,5.167206409674697,Rural,3.1588183943369392
Pro,21,Female,12.0,Divorced,4579.863485918896,4,140902,2.297746894662306,Urban,1.2963532782537988
Advanced,34,Male,16.0,Married,10521.400009419478,3,41390,5.831833040510446,Urban,1.350948048156421
Advanced,52,Female,12.0,Single,8508.434889078686,4,40369,0.1664731864216047,Urban,2.6571132878517894
Basic,30,Male,16.0,Single,6817.571220139776,5,163953,0.5104877071007117,Suburban,2.3566331253982713
Basic,58,Male,12.0,Single,5028.193539084001,1,29587,3.7731947911775046,Suburban,1.487017591259611
Basic,56,Female,16.0,Married,5342.671645652443,3,127009,3.5507705559445433,Urban,2.3036445075508465
Advanced,32,Female,18.0,Single,13649.436287357777,3,158905,2.06685302315179,Urban,2.7339252224986548
Advanced,46,Female,12.0,Divorced,7502.048456872448,5,67013,5.119188871943772,Urban,1.9848684712015072
Advanced,46,Female,14.0,Married,9846.390004594377,5,137341,4.5617886284318985,Suburban,3.299411450037291
Basic,28,Male,,Married,5127.30185499734,3,147785,5.216278141868032,Suburban,1.1379690945659822
Pro,49,Male,14.0,Single,5160.441161335084,2,166826,3.2537271292954646,Urban,2.346911726929551
Advanced,19,Male,16.0,Single,10745.954427749826,3,127584,4.705160535956682,Urban,2.5832641681105017
Advanced,64,Female,14.0,Single,3451.2713653454034,1,98113,2.608699393940011,Urban,2.4456719508026232
Advanced,31,Male,12.0,Single,6254.3586962841855,3,106784,7.607637380173191,Urban,1.897822136677176
Advanced,37,Female,12.0,Single,7602.082233216696,4,55282,1.8749084597560284,Suburban,1.8547792589944252
Basic,39,Male,12.0,Married,7834.117805520157,2,187809,7.710594858916624,Urban,2.2220725855436285
Basic,28,Female,16.0,Married,6962.720144951531,3,44124,3.569775894178817,Urban,2.407877243326035
Advanced,44,Female,12.0,Married,8687.45934328777,2,90102,0.7489782208625146,Urban,2.3012367181411815
Basic,20,Male,14.0,Married,9578.567267453434,2,153268,6.236158700977202,Rural,2.5200289453966946
Basic,34,Female,14.0,Single,9703.91263637799,2,81527,3.7518027767899182,Rural,1.4905650214666324
Basic,61,Female,14.0,Married,4542.58857399652,3,150371,5.2022481967604755,Urban,1.8861145104381827
Basic,45,Male,16.0,Married,6647.534706213609,4,150942,5.947711837085187,Urban,1.529992033938123
Pro,46,Female,,Single,11084.288585630813,4,116651,4.175911108290051,Urban,1.806943611956929
Advanced,38,Female,14.0,Married,10183.941562721617,1,105395,2.3155183103743706,Urban,2.5076104459071527
Advanced,64,Female,16.0,Single,3381.4216455568085,4,31345,5.451426755338501,Urban,2.053991960362614
Basic,33,Male,16.0,Married,8554.439701056604,3,144544,3.501511014909191,Suburban,3.3034295815748846
Advanced,54,Male,14.0,Divorced,1565.3242518755696,2,54077,4.8717156372168375,Suburban,2.0967031835948586
Advanced,37,Female,,Single,7640.8047061811085,1,150429,0.0,Rural,2.029845940289868
Basic,23,Male,12.0,Married,13193.301050237931,2,32055,4.393963434019704,Urban,2.053091459720108
Advanced,36,Female,12.0,Married,4656.321848193042,4,123693,2.22282834970994,Rural,1.681095653570032
Basic,22,Female,16.0,Divorced,4997.030863525253,3,105283,6.806619274357061,Suburban,1.971081693811203
Advanced,20,Female,14.0,Single,9792.089344718579,3,64484,4.7461746957781905,Urban,2.563894013555823
Advanced,18,Female,16.0,Married,2871.5954543710623,2,97514,3.979715491698593,Urban,2.056985334063886
Basic,55,Female,16.0,Single,5601.734910344883,3,110135,4.472619986700443,Urban,1.6032701350582643
Basic,32,Male,10.0,Single,9289.323412745258,1,55771,1.5031182942465635,Urban,1.5374576897606824
Advanced,51,Female,16.0,Single,5597.142456931791,2,197612,6.746513381056108,Urban,1.7748990541670784
Advanced,52,Male,14.0,Divorced,6792.090038367085,3,130284,7.482740836833809,Suburban,2.03693171720544
Pro,42,Male,14.0,Married,9732.557130945104,1,137399,4.285827021096432,Urban,2.596793267738131
Advanced,41,Female,14.0,Married,8764.638250609683,4,124885,6.680807137147277,Rural,1.3297556793167815
Basic,29,Female,18.0,Divorced,83004.55188886206,2,180449,2.3617036026549325,Urban,1.8400868610556218
Basic,35,Male,10.0,Single,6482.6331621898835,3,193805,1.9057728675500385,Rural,2.0721550097175396
Advanced,32,Male,14.0,Single,8610.183345806867,2,149344,3.5818494974578456,Urban,1.0831471161852826
Basic,61,Male,14.0,Single,7128.801959700731,3,162832,4.369882076735797,Suburban,1.583200858516797
Advanced,33,Female,16.0,Single,8873.416829777354,1,133226,2.712026637513759,Urban,1.6600557301319068
Pro,44,Male,14.0,Single,6009.203924646065,1,119250,4.575536380736968,Urban,1.602014813074751
Advanced,25,Female,12.0,Single,69522.93076861376,4,45762,4.112778964146828,Rural,2.0959447725108236
Basic,63,Female,12.0,Single,4530.126622343958,2,185404,1.5033864494178901,Urban,1.9197201952491012
Advanced,42,Female,12.0,Single,7394.977169981293,4,191172,4.537586034903443,Suburban,1.7223569486994819
Advanced,34,Male,16.0,Single,5066.997409113465,5,156016,5.227056485043042,Suburban,2.2139813132763173
Advanced,46,Female,12.0,Single,4157.86064951402,2,68825,3.842938635180782,Urban,2.8615373588231248
Pro,25,Female,12.0,Divorced,8275.983443566165,2,33877,5.805296206523385,Urban,2.819628258370876
Basic,32,Female,,Married,8138.219327572981,3,181062,1.0651924130060961,Suburban,1.0386141139688319
Pro,44,Female,10.0,Divorced,9848.621204845716,5,149065,4.435900844263704,Urban,2.2885360919175697
Pro,63,Female,,Single,6206.623291274703,4,128443,1.1594385872064503,Suburban,1.9109883549680808
Basic,24,Male,14.0,Single,8724.158540510267,3,119612,1.271837283533825,Rural,2.077577671432678
Basic,20,Female,16.0,Married,9152.39271682099,3,137674,2.2381383325244197,Urban,1.8008584832287258
Basic,46,Female,12.0,Single,8834.321423494785,1,135074,1.6158796328515102,Urban,2.058794314943601
Basic,61,Male,10.0,Single,5023.038951593573,5,154330,2.4040083625177244,Suburban,2.0757036980360093
Basic,41,Female,16.0,Single,7948.090446813567,5,51629,3.0716993785776223,Urban,1.7105241213255384
Advanced,20,Male,16.0,Single,8592.420888163984,1,188651,5.174308972662769,Urban,1.5518162260874095
Basic,37,Female,16.0,Single,7521.535400723826,2,174030,2.857681922588595,Urban,1.7756521586902578
Basic,63,Male,12.0,Single,1240.5670248867464,1,190537,0.3287485864608146,Suburban,2.117129632228383
Pro,32,Male,16.0,Married,7981.4688719204405,2,35775,5.780135692990321,Urban,2.2994981708421323
Basic,42,Female,16.0,Single,14137.593118191726,4,185279,,Urban,2.4266744886700735
Pro,47,Female,14.0,Single,6419.882193729052,2,173625,3.3825591457907427,Suburban,1.7529049884665437
Basic,31,Female,16.0,Married,5315.768706434037,1,20055,4.393073013881423,Urban,2.1419222836513683
Basic,24,Male,16.0,Single,8620.045679134195,2,108697,3.8992208368055654,Urban,2.4812512959766493
Advanced,34,Male,14.0,Single,8437.134631399715,5,183945,5.6883590950429515,Rural,2.582797447572064
Advanced,61,Male,10.0,Married,11078.205496249244,3,121505,4.458006286785518,Suburban,1.970583572934239
Pro,37,Female,14.0,Single,3726.395532273337,2,100720,1.777380840605784,Rural,1.8895341375301937
Advanced,53,Male,10.0,Single,9694.140757724977,1,98199,7.857124347983324,Urban,2.095562116918196
Pro,26,Male,14.0,Single,9271.266183754391,5,176390,3.8886669266764664,Suburban,1.425146263551297
Basic,55,Female,14.0,Single,7073.560389178361,4,53734,3.2053195467569875,Urban,1.903195244482246
Basic,39,Male,10.0,Married,8516.06195376507,2,169594,5.427850846111141,Urban,2.372293199236565
Advanced,19,Male,12.0,Married,10588.372444795072,1,162728,3.9989018918601444,Urban,2.3209735647218506
Pro,41,Female,12.0,Single,10116.94614008535,1,166965,4.298456385878654,Urban,1.8648661978180554
Pro,25,Male,16.0,Married,4070.942063778814,1,36493,8.484367997201375,Rural,2.1088591005435835
Advanced,28,Female,18.0,Married,9960.474560266453,3,154704,2.9497571434899066,Urban,1.5876748298546564
Basic,30,Female,10.0,Single,7305.934184902445,4,115872,2.864478211965208,Suburban,2.3517460741125125
Advanced,34,Female,,Married,7718.622294046546,2,81779,3.7331570240249277,Suburban,1.9610892819317634
Basic,25,Female,14.0,Single,7719.5909730050835,4,189524,5.643031871162077,Suburban,1.8620242741519308
Pro,38,Female,12.0,Single,7049.2710336052205,2,164338,0.4869319396192018,Urban,1.8191380819533067
Pro,35,Male,10.0,Single,11075.122491321195,3,141187,0.0,Suburban,1.968553066550071
Advanced,47,Male,14.0,Single,7248.846120452364,3,136603,2.325769458759705,Urban,1.7760611775340207
Advanced,35,Female,16.0,Single,4141.361614850493,1,81607,0.2321540818814256,Urban,2.3290715180012818
Advanced,63,Female,16.0,Married,6319.410432090814,2,36940,2.650337304948723,Rural,1.8023582259919095
Basic,64,Male,10.0,Single,8036.084150431427,3,175075,4.504999392258581,Urban,2.7964820480136905
Pro,48,Female,10.0,Single,11187.644352891151,1,147880,1.7185022728954729,Urban,2.7326052517406905
Advanced,55,Female,14.0,Single,9309.284054846501,2,118408,0.6463468464373152,Rural,1.5542282550727475
Pro,49,Female,12.0,Married,4948.394163758869,3,54815,3.638674323430696,Urban,2.03485213471464
Basic,28,Male,12.0,Married,14955.569750036675,5,181941,5.2250869692303406,Suburban,1.6746716893319025
Pro,62,Male,12.0,Married,8294.325932933938,2,69297,0.11005312296677472,Urban,1.8366762184056942
Basic,42,Female,16.0,Married,11326.172213997044,4,80107,5.140464796611968,Urban,3.0012137338223983
Basic,50,Female,18.0,Married,7044.856699268313,2,102793,5.134612407476652,Urban,1.8462142914421005
Pro,55,Male,14.0,Single,9100.077734116348,3,167754,5.408170204313256,Urban,2.1801130185387145
Basic,58,Male,18.0,Married,10018.405513555213,3,39622,5.9369604297433725,Urban,2.270660647004139
Basic,25,Female,12.0,Married,11154.584135262769,4,50408,7.904027849319232,Suburban,1.4996853137583797
Pro,28,Female,14.0,Divorced,10672.104916134675,2,159909,2.7878159027618894,Suburban,1.5724522627953976
Pro,39,Male,12.0,Married,10116.591000218934,3,166479,3.719143160155716,Rural,1.3969888142959406
Advanced,41,Male,14.0,Single,6554.739806417674,3,180381,2.667123133503949,Urban,1.5570146330511117
Advanced,58,Male,,Single,5784.761874131816,2,113190,3.5039536895116217,Suburban,0.5749849453414089
Advanced,34,Female,14.0,Single,8497.822530972593,1,169967,6.565746711272624,Suburban,2.272291200396814
Basic,29,Male,12.0,Married,10299.384217023207,1,20370,0.8099710321386624,Rural,3.027096920628035
Basic,63,Female,14.0,Single,6831.837897670179,1,134212,1.777900655668849,Urban,2.0739103695182637
Advanced,49,Male,12.0,Single,10695.51589714316,4,20486,6.254361873009122,Suburban,1.2918655703296964
Advanced,32,Male,16.0,Married,11857.850236458538,2,43762,5.54007301380418,Rural,1.6786118085500261
Advanced,33,Male,14.0,Single,4751.037242779741,2,46613,2.773736706365844,Urban,1.7705615774875016
Advanced,39,Male,14.0,Married,4989.23788861116,3,23196,5.20880400224144,Rural,1.4912076113933121
Basic,45,Female,14.0,Single,7078.874823283991,2,120565,4.182431684984066,Urban,2.430091319197578
Advanced,37,Female,14.0,Single,8422.83800456759,3,96349,6.500549218001976,Suburban,2.405130022187667
Basic,50,Male,10.0,Single,5926.298958698847,1,84839,3.649019187653545,Rural,1.42227410309117
Advanced,27,Female,14.0,Married,11556.608036601432,5,192988,5.551264227745165,Suburban,2.362540522223754
Advanced,57,Male,12.0,Single,8772.200584555354,4,28572,8.78402382098524,Urban,2.763406331788633
Pro,49,Male,16.0,Single,7618.341144722219,4,179297,4.696198310094933,Urban,2.9512791026147798
Basic,50,Male,16.0,Divorced,3192.271428394417,2,65853,3.5986563315896873,Rural,3.4326060115429815
Basic,19,Male,16.0,Single,3552.552550717479,3,183347,4.944893970441958,Urban,1.5490036752784013
Basic,50,Female,14.0,Married,8343.027750845418,1,92379,2.76943828359223,Urban,3.4121102131976015
Advanced,50,Male,14.0,Married,1102.2131215354912,1,152177,8.275935411049463,Suburban,1.8228968057456059
Advanced,58,Male,12.0,Single,10537.912228932215,1,136074,3.860142075391963,Urban,1.7037672723097428
Basic,30,Female,16.0,Married,7025.538466883039,3,63209,2.9541333595489743,Urban,2.1635361874389227
Basic,47,Male,12.0,Single,17229.2789087842,2,193559,1.8286219899599276,Urban,1.7089693329534938
Advanced,50,Male,14.0,Married,14423.748751848332,3,169123,5.694440383212877,Urban,2.199522070323263
Basic,30,Male,12.0,Single,6955.65279225745,1,114244,5.234374825655477,Suburban,1.3399614061313492
Pro,43,Female,12.0,Married,7180.988992406055,2,120300,2.5052912571718133,Suburban,1.8806236989682827
Advanced,39,Male,14.0,Single,10486.74454200609,3,134682,4.652902690244845,Suburban,2.6427911171808396
Basic,56,Female,10.0,Married,12609.517829754113,2,77175,0.48288806357428715,Rural,1.971469354284422
Basic,19,Male,16.0,Single,2585.91282769195,3,157921,3.8699411501463126,Rural,2.0707978933699414
Pro,55,Male,12.0,Single,2140.87360393594,2,121551,4.405512704153389,Suburban,2.2376293023586555
Basic,56,Female,10.0,Single,5633.895583336856,4,38976,6.914659619118446,Urban,2.58533081465883
Basic,43,Male,14.0,Single,9248.212749521594,3,150617,1.9583623945426212,Suburban,1.1723876439052834
Pro,63,Male,10.0,Married,8990.620771522792,2,119794,0.9432947423953513,Urban,2.2922620259187174
Pro,32,Female,12.0,Single,10709.314364951551,2,76866,1.7091440781499165,Suburban,1.8659304303791184
Pro,51,Female,16.0,Divorced,3900.9074149040753,3,137752,0.8268629993701602,Suburban,2.0833189476559193
Advanced,59,Female,10.0,Divorced,1000.0,4,67078,6.173314715517966,Urban,2.529975084881188
Basic,61,Female,16.0,Married,10074.042585906436,2,51113,6.597278590048074,Rural,1.402906674294078
Basic,57,Female,10.0,Single,5015.411181104297,2,35401,4.140433155897658,Urban,1.4936777792784552
Advanced,28,Male,12.0,Single,1444.536406834086,4,163956,5.942589891370297,Suburban,1.0322850201430969
Advanced,20,Female,16.0,Married,7935.191237878145,3,188635,3.7679167611604707,Urban,1.7254205291181117
Advanced,23,Male,12.0,Single,9879.527064656031,2,185486,3.309776704598468,Rural,2.665216172189408
Pro,26,Male,12.0,Single,7133.828603636168,2,167214,2.8339247618924768,Urban,1.9397064057632651
Basic,23,Male,12.0,Married,6126.4548414525325,2,91492,2.879218017244869,Urban,1.3299375521726071
Advanced,26,Female,12.0,Married,7021.91330356228,3,96693,0.40439688738193746,Urban,1.7571606277124765
Basic,56,Female,16.0,Married,6388.251712797652,2,55135,4.028509527214678,Urban,1.2560691482546886
Advanced,48,Male,12.0,Single,3455.8586641794986,5,47862,3.4193321795719127,Urban,1.4374069491344192
Basic,49,Female,16.0,Married,5355.957969028705,2,156262,4.990721448155751,Suburban,2.1944094551318565
Basic,58,Female,16.0,Single,9063.839715041444,2,90199,3.6870469928772196,Urban,1.4130633368469856
Basic,29,Female,14.0,Single,8465.035624129501,3,125366,3.1745925968618165,Urban,2.556317152601651
Advanced,25,Female,18.0,Married,8004.179417900461,4,24331,1.7576139399847386,Urban,1.964439854584832
Advanced,25,Male,12.0,Single,4514.554554439861,4,64648,3.6443064736435224,Rural,2.0427973519722626
Advanced,45,Male,,Single,6955.4905135929985,2,48549,4.976474461632324,Suburban,1.860813516196053
Pro,37,Female,10.0,Single,1000.0,3,45761,1.2133220178322786,Suburban,2.3864239192718615
Basic,64,Male,14.0,Married,8035.4299916561695,3,23262,3.6749475073614786,Suburban,2.3915799438885053
Basic,24,Female,14.0,Married,11786.573123440703,2,92572,3.9660859030589677,Urban,2.167527175956086
Pro,28,Female,12.0,Married,3077.603603873683,1,107858,2.0638704327634714,Urban,2.282394552953824
Basic,37,Male,14.0,Married,5742.2169800467345,2,104667,2.3242873901839998,Urban,1.8939551650397872
Pro,33,Male,16.0,Single,8487.32033613039,2,24677,3.961221697532429,Rural,2.271101503454524
Basic,21,Male,10.0,Single,11258.527903282451,4,150334,1.233157963414754,Rural,1.8310611122630966
Pro,23,Female,12.0,Single,6155.326151099552,2,121437,4.199847430498785,Urban,2.001115811081201
Basic,39,Male,16.0,Single,5423.249012202311,5,169667,1.7092912526816,Urban,1.8626781253168514
Pro,43,Female,14.0,Single,1593.2305727517505,3,80148,5.625707386066432,Urban,1.771390730340402
Advanced,20,Male,,Divorced,7810.314387924319,3,66926,8.175655490776599,Urban,1.6554441011391048
Pro,58,Male,16.0,Single,13626.228120431231,3,95271,1.7784863965963607,Suburban,2.2338450519294426
Basic,59,Female,,Single,8332.075385894028,1,54457,4.568415724749349,Urban,2.6553029564067314
Advanced,31,Female,16.0,Single,7433.16306244886,2,62531,2.0465161902359617,Rural,2.5855509858347796
Pro,28,Female,12.0,Single,8466.246932300957,1,148027,,Urban,1.3717173320272824
Advanced,35,Female,12.0,Divorced,7466.723988154194,3,65771,0.9694831818295699,Rural,2.6446015257034365
Advanced,29,Female,16.0,Single,5060.956883219611,2,113135,4.461173516855426,Suburban,1.8409207491910355
Advanced,40,Female,14.0,Single,99698.39747033117,3,86354,1.7540220662212946,Suburban,2.3003665075727957
Advanced,29,Female,10.0,Married,8177.284569335263,2,132743,3.0860308218032624,Suburban,1.5468923339763945
Advanced,30,Female,12.0,Single,7552.839755800972,1,188361,1.437949449705386,Suburban,2.0709899569370025
Advanced,42,Male,,Single,4573.90191816525,2,53892,5.144700941791507,Suburban,2.1568615914484535
Pro,62,Female,14.0,Single,11410.523795804278,4,149662,1.826039291120826,Suburban,1.2576976040401737
Basic,36,Female,14.0,Married,9494.10823599933,3,115057,4.603928518663655,Suburban,2.304133583172095
Basic,63,Male,14.0,Divorced,5841.237487898094,2,58409,2.811803943475334,Rural,2.672967503919158
Pro,53,Female,12.0,Married,10505.474561045812,3,185542,3.271055256402274,Suburban,1.912676027159186
Pro,62,Male,12.0,Single,6007.287484844379,1,169457,3.795511814800257,Suburban,2.6800840654140066
Advanced,25,Male,12.0,Married,5153.989522466889,5,174368,1.9763506566823026,Rural,1.9051532532737963
Advanced,46,Female,10.0,Single,5220.890647559139,3,138566,3.9207342270817738,Urban,2.4247922655233087
Basic,49,Male,16.0,Single,2186.794340735726,2,81716,6.560669128708822,Urban,0.8907150170244502
Basic,61,Female,14.0,Single,8914.627141254618,3,109152,1.9438104283345714,Urban,3.209388889656732
Advanced,35,Male,16.0,Single,2006.5653649849492,1,46382,5.84362028654769,Suburban,2.7477291226214784
Basic,23,Male,16.0,Married,3814.6685062027123,5,96675,6.496195266975569,Rural,1.8576872478731605
Advanced,35,Male,12.0,Married,1273.2359727644007,1,42419,1.867690021943912,Urban,1.0139554866780909
Basic,36,Female,14.0,Divorced,7241.790921627321,3,101238,0.5898907898188961,Suburban,2.1440141841527445
Pro,39,Female,14.0,Married,7049.038619184384,2,190363,4.10392180034353,Suburban,1.2780372264631215
Pro,54,Male,16.0,Married,6519.911360440908,3,32397,2.405184954466254,Urban,2.2224267687787442
Advanced,49,Male,12.0,Single,4372.266915988272,3,77888,7.237206438326005,Suburban,2.205782859582141
Advanced,58,Female,14.0,Single,3983.29873969008,3,55169,3.5696150809996645,Rural,1.5292984154989875
Basic,20,Female,14.0,Married,8893.109590639722,3,82182,1.8956011839296416,Urban,2.5604835118071887
Pro,45,Male,12.0,Single,5848.344204874536,4,112476,,Suburban,2.4027873514030866
Advanced,27,Male,12.0,Married,8449.074964608435,1,62249,,Suburban,2.4879116686442817
Basic,52,Female,14.0,Single,4844.253941627332,2,179413,2.3576320518316267,Urban,2.0044288518344477
Pro,46,Female,16.0,Single,8043.188228313247,2,95603,3.5876575989208566,Urban,1.2922379665431467
Pro,32,Female,12.0,Single,11409.834111948192,5,197216,5.411605490224962,Rural,2.488936136105569
Pro,50,Female,14.0,Single,9258.49740117835,2,99360,2.5314832961383393,Urban,1.8648143004321045
Advanced,24,Female,12.0,Single,6262.758545350559,3,33444,3.4081423425196786,Urban,1.3051099284036654
Advanced,29,Male,16.0,Married,8271.596911067782,3,196719,3.46686318035496,Urban,2.676019682987163
Advanced,47,Female,12.0,Single,6778.004476409361,2,143662,4.866649023032184,Suburban,3.049703760251255
Pro,38,Male,16.0,Married,7523.640554084184,2,118843,4.681488671020651,Suburban,1.9793759355103986
Pro,48,Female,12.0,Single,6523.166843554489,2,30974,3.059772537490343,Suburban,3.079560577301646
Basic,41,Male,12.0,Single,7006.994382343826,2,132150,3.6272981229930354,Urban,2.045657364305675
Basic,37,Female,10.0,Single,8136.280059222526,2,189455,2.756441976953023,Rural,1.8097720479168244
Basic,54,Female,12.0,Married,4519.9239012541475,1,114826,0.5447751861611105,Urban,1.6847707729072612
Pro,21,Male,14.0,Single,4452.363519030065,4,117648,4.015201714796259,Urban,2.818541203996371
Pro,45,Male,12.0,Married,3334.3723385063668,5,154028,7.284383521666136,Urban,1.609928059306114
Basic,61,Female,16.0,Single,2699.1866864888707,2,159149,1.7325617186178743,Urban,2.367634654987494
Advanced,37,Female,10.0,Married,3848.151923338562,2,56490,1.953940580794594,Rural,1.7204180824703958
Basic,41,Female,12.0,Single,7978.387520412388,1,144713,1.7585444567125172,Rural,1.7698466187128186
Pro,49,Female,12.0,Married,4821.637453524348,3,75612,4.949183557446245,Urban,2.5151248469847833
Pro,58,Female,10.0,Married,9040.843392693288,4,120474,4.3969709083928805,Rural,1.8099815768553231
Pro,53,Male,12.0,Divorced,7604.141246257685,1,56159,3.1829246151670865,Suburban,1.7976023102898533
Advanced,51,Male,14.0,Single,1594.4873596858388,1,59710,1.66396187672207,Rural,2.5664023485874035
Advanced,53,Female,14.0,Single,9464.92675266507,3,164878,3.6847535832798486,Urban,2.7986986466108115
Basic,19,Male,14.0,Single,9932.39593677513,3,133096,0.3707557453283914,Suburban,2.3223449016421167
Basic,32,Male,14.0,Married,4518.41197549544,1,127412,3.7868531337149864,Urban,1.6726151121880255
Pro,51,Male,14.0,Married,8760.574628684975,3,114924,5.243048772175868,Rural,1.7446957503512102
Pro,53,Female,10.0,Married,4930.505287772403,2,26458,0.9976017267326442,Urban,2.0399576318700188
Pro,23,Male,14.0,Single,7793.011130245006,2,150993,0.43496344634067263,Suburban,2.1604650309628286
Pro,56,Female,,Single,3706.504779135103,3,55524,6.658875783389719,Urban,1.5060670449301141
Advanced,59,Male,14.0,Single,2120.68064239627,4,157925,2.27648072099083,Urban,2.361518969789932
Advanced,29,Female,14.0,Divorced,6351.548431161094,2,60477,5.771895691887644,Suburban,2.0427566648197995
Pro,20,Male,12.0,Married,7128.813161175492,4,52222,3.1920046696043367,Rural,1.1421458406809353
Pro,62,Female,16.0,Divorced,6306.960919156188,2,38320,3.176090366117345,Suburban,1.5355367587696347
Basic,35,Female,16.0,Single,3947.9083253323215,3,114154,4.37682539899329,Rural,1.747935663174168
Advanced,57,Male,14.0,Married,6300.302813606589,2,72243,1.7320022865071187,Urban,1.9635711555794724
Basic,38,Female,,Married,8307.884257742202,4,196687,3.764994286991291,Suburban,2.944639397751998
Pro,32,Female,12.0,Single,7365.320909632389,4,168424,2.7370211703518144,Urban,2.1190856530698143
Advanced,50,Female,10.0,Married,8047.50309179764,1,92833,0.859013113189937,Urban,1.5796140550506874
Basic,52,Female,16.0,Divorced,5489.654398637302,4,113476,4.174964149452798,Suburban,2.1103154021535815
Advanced,43,Female,16.0,Married,11015.15374414848,4,134560,2.9733843862441676,Suburban,1.8239561262730595
Advanced,25,Female,12.0,Married,3971.479990335658,3,154275,3.1859503431105844,Suburban,2.1623791197667708
Basic,53,Female,12.0,Single,8962.680891260155,2,59267,1.0796781131716844,Suburban,2.2902838435178072
Basic,47,Female,10.0,Single,11045.673278879884,4,57941,6.682800735525609,Suburban,2.604615323611969
Advanced,40,Male,12.0,Divorced,8942.724278246686,4,102809,5.253428372772232,Urban,1.987856752164987
Advanced,59,Male,16.0,Single,6892.42731880551,2,45368,5.428311768343957,Urban,2.8194802637999166
Advanced,61,Female,14.0,Married,5915.1088600110625,5,97186,2.889110595116636,Suburban,2.4540113312680956
Advanced,31,Female,12.0,Married,10608.262953138768,1,50984,0.0416342209931595,Urban,1.6462802275939061
Pro,31,Male,12.0,Married,3231.075224214981,1,193013,7.405834764979021,Urban,3.104927832874232
Advanced,19,Male,10.0,Divorced,4589.627218861069,3,20801,3.3778049839882636,Urban,2.1634972566350488
Advanced,54,Male,12.0,Single,6307.3267035248355,3,126538,2.0024004079598923,Suburban,1.5824377480138825
Pro,22,Female,14.0,Single,11212.961272535995,3,132201,4.333603148966228,Urban,2.8264565256152108
Advanced,55,Male,,Single,8639.302908122689,1,67965,5.834241576006595,Suburban,3.0388887925992223
Basic,62,Female,16.0,Single,4595.862724469263,5,105269,3.4538988878290677,Suburban,1.9834873681402196
Basic,58,Female,10.0,Single,6569.076883845289,1,161041,6.057150335878749,Urban,1.748174869812202
Advanced,64,Male,16.0,Single,5657.030567711117,1,55969,5.665999877033737,Suburban,1.913812521273169
Advanced,31,Female,16.0,Married,5370.633023299395,1,183521,1.3472376251958833,Suburban,2.35736586375885
Advanced,56,Female,16.0,Divorced,10436.668675670338,3,111679,2.152419788681047,Suburban,2.638928327515257
Basic,42,Female,14.0,Single,3384.7706122094833,4,176777,5.415074326559535,Suburban,2.285243665431787
Basic,37,Female,12.0,Single,12326.34256720312,3,48363,0.0,Urban,2.0508616042358847
Basic,19,Male,12.0,Divorced,9984.689070553868,4,181792,3.2010886136700223,Suburban,2.7490058851522137
Basic,56,Male,10.0,Single,10772.585011811094,1,161044,0.6383375967506564,Urban,1.8435817634742389
Advanced,23,Female,12.0,Single,6111.181463924226,3,53351,2.5468923971329507,Rural,2.5154596691834534
Basic,34,Female,12.0,Single,7050.177842762672,2,131023,2.902359821941592,Rural,1.8559686008243608
Advanced,42,Male,14.0,Married,3200.5445564258644,2,187217,2.783511244184984,Suburban,2.2155114790054466
Pro,45,Female,16.0,Single,5926.012778799591,1,107948,2.3954774957747826,Urban,1.9432187176047742
Basic,19,Male,14.0,Divorced,8980.964542929452,3,76235,1.305712700742372,Urban,1.9720739086735946
Advanced,52,Female,10.0,Single,11388.189185344188,3,34855,8.083822533637372,Urban,1.811306741268895
Advanced,54,Female,,Married,4178.529549592645,3,187241,7.234924008322702,Urban,2.672427015590347
Basic,22,Male,18.0,Single,6403.482189044203,2,197476,1.175868359487434,Urban,1.6335369809457325
Advanced,18,Male,16.0,Single,7046.102339302433,1,170641,6.664233502607134,Suburban,1.6298838737256458
Pro,57,Male,,Married,3312.6323934225447,3,145074,2.701069019054294,Urban,3.060496782922555
Pro,29,Male,14.0,Married,9274.0477252752,1,74437,3.758374946663421,Rural,2.4889237823271655
Basic,53,Female,,Married,5328.029004772173,4,199578,3.3734520802061683,Urban,0.8074431506534818
Pro,62,Male,10.0,Married,6913.828946468928,3,176810,2.180502717492068,Rural,1.7173706303947982
Advanced,40,Female,12.0,Divorced,6144.151884264367,1,157844,5.467704687212294,Rural,1.0940053312189728
Basic,64,Male,12.0,Married,5131.984482840977,5,110410,3.7517730611533158,Suburban,1.5246546532923724
Advanced,48,Male,12.0,Married,7478.865043558336,3,39731,2.5468971535615172,Suburban,0.5
Pro,28,Female,12.0,Single,6853.171264295933,1,161203,0.8908211123990548,Urban,1.9315052111530289
Advanced,27,Male,14.0,Single,6384.426353164004,3,86324,1.7128099725617592,Suburban,1.4290290904193443
Basic,20,Male,16.0,Single,5314.615134958972,2,101720,0.2172397687958063,Urban,2.029952628398219
Advanced,31,Male,14.0,Married,8458.574012348867,4,116433,3.5244470968303387,Urban,1.1874393705587376
Basic,33,Male,12.0,Single,12460.851805476854,4,22889,1.1066688154312083,Suburban,2.04145592658602
Basic,27,Female,16.0,Single,7919.661698517382,5,29569,2.9688789749629176,Urban,1.7925418609398363
Basic,46,Female,14.0,Married,10488.354644733387,3,107193,6.240203707220742,Suburban,2.750976482594298
Basic,27,Male,12.0,Married,3329.3342245396125,2,105192,5.898599145843171,Urban,2.7056784308728123
Basic,29,Male,14.0,Divorced,7973.284317881308,3,107154,3.435446211794764,Urban,2.3926728015051415
Basic,47,Male,12.0,Single,4207.895043086801,1,128073,3.3258305477137,Urban,1.8366931096693937
Advanced,58,Female,12.0,Married,3069.225217404296,3,27612,7.259749098842017,Urban,2.9926901976301465
Basic,18,Female,18.0,Single,5281.885777622891,3,71644,4.541512240717422,Urban,1.2234823610800896
Basic,22,Female,12.0,Single,11075.69800324072,1,52069,2.844387080246954,Urban,1.2982206852181686
Pro,37,Female,14.0,Single,10350.047486008938,2,101741,,Urban,1.9581084500554677
Advanced,25,Male,16.0,Single,8229.014166163199,4,178403,4.287746436329487,Rural,3.1270190544605594
Advanced,60,Male,16.0,Single,2901.8983203302078,4,75897,5.158647545165724,Urban,1.8988305465649562
Basic,29,Male,10.0,Married,6911.15804583619,1,165006,2.2366969509727124,Suburban,1.908377378395359
Basic,18,Female,12.0,Single,8405.100026705206,1,161167,4.082405510276065,Urban,1.2790448219440953
Basic,37,Male,10.0,Married,8026.608688735794,2,122544,2.772853410169942,Rural,2.472964792635189
Basic,45,Female,14.0,Married,1968.6192495577625,4,38706,3.1319352016019946,Urban,2.476588127164677
Basic,60,Female,14.0,Single,4829.0464559403845,1,194588,0.0,Urban,2.394537600699955
Basic,54,Male,12.0,Single,7307.76670755385,3,123602,3.056437192567729,Suburban,1.6853896635763188
Basic,64,Male,,Single,9108.87272855157,1,54629,5.438738604816109,Urban,1.6466466158134971
Basic,54,Male,14.0,Married,1000.0,3,197982,2.237194888866884,Suburban,1.3534388747975148
Advanced,29,Female,12.0,Single,7013.628073560425,2,144746,,Urban,2.041936250880467
Basic,54,Female,14.0,Single,7929.146309636857,3,40431,1.9880985866161591,Rural,1.4597963353607493
Basic,61,Male,14.0,Single,10048.835965548638,2,60088,4.220883352585545,Urban,1.4112917473753557
Advanced,45,Male,10.0,Married,9578.572752712309,3,195207,3.0669536049276527,Urban,1.788154641544662
Advanced,64,Female,12.0,Divorced,9247.713956426416,2,189087,1.6215169186359863,Suburban,1.755421912407892
Basic,32,Male,16.0,Single,5100.178479894197,3,51385,6.165102935330255,Urban,1.7310107355890225
Advanced,23,Female,14.0,Married,1775.9935886300773,4,90199,5.35786402706443,Rural,2.233222298420131
Advanced,61,Female,14.0,Married,6320.841728815797,1,58677,2.2901864721436507,Urban,2.03952390107514
Basic,37,Male,14.0,Divorced,10504.89547562568,4,138104,4.495576618835555,Suburban,1.8559219847444413
Pro,31,Male,10.0,Married,11680.363582573294,3,32818,4.574824005640761,Urban,2.091506464155741
Pro,19,Male,12.0,Married,9631.647306893356,1,83001,4.784602470022352,Rural,1.504236479447684
Basic,26,Male,14.0,Married,8788.022468405203,2,175049,0.11148820800984449,Suburban,2.052639311954839
Basic,54,Female,12.0,Married,8638.918945157897,1,69832,5.513213082065256,Urban,2.075301246422317
Pro,37,Female,10.0,Single,5831.643759717658,3,60931,2.360602074148537,Urban,1.2484765703212597
Advanced,43,Female,16.0,Single,7109.819119339139,3,103990,2.7843441331174663,Urban,2.497846877185181
Basic,46,Male,,Single,12507.208577478992,1,92204,8.7757635045204,Rural,1.5592831473865023
Basic,18,Female,16.0,Married,4672.325982624371,3,65784,4.103746761442023,Urban,2.0451548996032174
Basic,52,Male,16.0,Married,12344.336372129554,4,126305,2.727355049105649,Urban,2.582205870267635
Advanced,23,Male,12.0,Single,6533.915536523825,4,29921,0.0,Urban,2.462838378856935
Advanced,54,Male,,Married,11476.296327285236,3,54959,6.279528267892712,Urban,2.0171666942844175
Basic,22,Male,12.0,Single,3279.554971507385,5,52328,0.8095806583827949,Suburban,1.8187504985589658
Advanced,50,Male,,Single,9257.712603493947,3,159931,1.493122193000993,Rural,2.4737559542877836
Advanced,31,Male,,Divorced,5289.689592157134,2,109506,2.8372954018243015,Suburban,2.3373474889043098
Basic,29,Female,16.0,Single,3254.1984242274375,4,94408,6.332823583400585,Rural,1.6908174899779351
Basic,59,Male,,Single,8155.602127232837,2,143852,5.046479973331518,Suburban,1.6025531764991547
Advanced,37,Female,14.0,Married,10528.415365787907,2,46708,3.18432498031948,Urban,0.9638224091520009
Pro,41,Female,12.0,Married,4965.175684219511,2,38847,4.116584127277642,Urban,2.0770159208417938
Advanced,60,Male,14.0,Single,3002.9521186247966,4,75989,2.2992286142577885,Suburban,1.9586511274908007
Advanced,51,Male,14.0,Married,7224.4657069951345,4,145383,3.7793073791307017,Rural,2.568095687321271
Basic,42,Male,10.0,Married,7237.694013668457,2,24922,3.6466734895562736,Rural,2.179527546740183
Advanced,46,Female,14.0,Single,9144.958882663495,2,72335,5.437539791362706,Urban,2.6671145970863455
Advanced,56,Male,,Single,10348.783714093464,2,146913,5.434356244877899,Urban,1.6513178860419147
Basic,48,Female,12.0,Married,7321.754456182518,3,164613,4.48795476441129,Urban,2.569075165483809
Basic,64,Male,16.0,Single,13066.50994438279,2,39551,2.7753048849077953,Rural,1.7355418104476725
Basic,60,Male,18.0,Divorced,8172.704233605875,3,170453,4.983644588780253,Rural,2.388798030896136
Basic,40,Female,18.0,Married,6460.720481979301,2,133319,3.3160630675939067,Suburban,1.2706208037346531
Basic,61,Female,,Divorced,2665.2979226915168,2,75673,1.336171262573734,Urban,2.117567649683094
Basic,55,Male,14.0,Single,6712.021439051497,1,121531,2.6934244161781224,Suburban,1.0076560292770451
Basic,37,Female,,Divorced,6490.839163766592,2,42948,3.669053967568649,Urban,1.8664312570291226
Basic,40,Female,16.0,Single,10380.91438884441,4,112264,5.320431567329491,Urban,2.2201769969389566
Pro,62,Female,12.0,Single,8887.450872200563,2,79072,3.1329436556856938,Suburban,1.7395157243844521
Advanced,33,Female,14.0,Single,3961.8926351021482,1,87560,1.0816025775207878,Urban,1.4747811856220163
Advanced,59,Female,16.0,Single,8016.763159233113,2,153558,3.613483366593639,Urban,2.4230592346479667
Advanced,25,Male,12.0,Married,9514.59351518716,2,86691,3.7269120801131046,Rural,1.9482686050765383
Advanced,38,Male,14.0,Single,12084.094078163498,1,161154,3.871675257805506,Suburban,1.7552146764846641
Basic,18,Female,14.0,Single,10162.511902242179,2,122781,5.33974303190886,Urban,2.0209479605771383
Advanced,25,Male,12.0,Married,9782.539962934434,3,104105,5.537846480179796,Suburban,3.3183345709727945
Advanced,46,Male,14.0,Single,7680.257983845491,3,27086,2.311578255236667,Urban,2.576751424890772
Advanced,49,Female,16.0,Married,8664.936016270349,2,147818,2.2677130839021133,Suburban,2.58128683409392
Advanced,55,Male,14.0,Single,11248.514702118477,2,87853,1.4196025780890538,Suburban,2.217773159496182
Basic,22,Female,10.0,Married,3501.6678075610507,5,121925,4.897631340560952,Suburban,2.0832426362885736
Basic,64,Female,10.0,Married,6451.682018349133,2,90027,6.3976402166754305,Suburban,0.8019588558347919
Basic,39,Male,12.0,Single,5182.293753731277,2,35916,2.869836144182153,Urban,1.660509826768434
Advanced,64,Female,18.0,Single,8637.459356178373,2,35248,3.017138870550014,Urban,1.7597127933987626
Advanced,51,Female,12.0,Single,11190.666526952362,2,44226,6.433565113797952,Urban,1.0625539679762335
Basic,18,Female,14.0,Married,5709.077139836778,3,176097,4.511115706430015,Urban,1.421292104892283
Pro,43,Female,12.0,Single,1000.0,2,68380,4.3724714096021104,Suburban,1.0095817645386829
Advanced,60,Female,12.0,Single,6263.337764926589,3,27848,1.1181669880525464,Urban,1.9808380821513139
Basic,27,Male,16.0,Single,10240.421196052219,1,34274,4.857456138558838,Urban,2.409382985424408
Basic,47,Male,16.0,Single,9112.88970884964,2,74545,1.6417273189804835,Urban,2.5533872593121645
Basic,35,Female,10.0,Single,8784.558743431728,3,116494,1.2319596281300838,Rural,2.207392231039621
Basic,34,Female,14.0,Married,6660.020094376561,2,135981,2.806456846466576,Urban,1.5183018294007156
Basic,43,Male,10.0,Single,3662.907791340641,3,186305,2.3284145531026197,Suburban,1.0339674207400202
Basic,25,Female,14.0,Single,9045.882964873403,2,36304,3.0568006112299213,Urban,1.121565650299249
Basic,64,Male,14.0,Married,4997.154569896125,3,31294,0.6180367309501626,Urban,1.3655087113727506
Basic,57,Female,12.0,Married,14052.290200141368,1,46425,5.4176326129353445,Urban,1.5555701509821627
Pro,29,Female,12.0,Single,9211.521625063548,4,130777,,Suburban,1.9201257510042067
Basic,44,Female,12.0,Single,5758.055092338147,1,160497,0.0,Suburban,1.492917890936516
Advanced,25,Female,18.0,Single,5665.8442578341155,4,111549,5.4569156113331,Rural,2.169487946834131
Advanced,42,Female,,Divorced,7221.167380159235,2,113464,1.8789427403567474,Urban,1.8838632486002636
Pro,63,Female,10.0,Single,6781.494233934751,3,196062,5.213951073965572,Urban,2.005272855870513
Basic,21,Female,16.0,Divorced,10850.501326589863,2,126748,3.3631070146671687,Rural,2.5701252763356024
Basic,50,Male,12.0,Married,8059.2485092321385,4,88295,3.557551128161997,Urban,1.409884132899815
Pro,18,Male,12.0,Married,5305.104783274415,1,36091,3.1298047011575627,Suburban,2.2093522891461843
Pro,36,Male,16.0,Single,13171.322055467348,1,139943,5.924258408466972,Suburban,1.9930133857619634
Pro,48,Female,18.0,Single,7647.924994560668,2,151074,1.0208239749499435,Urban,1.8332568595151524
Basic,33,Female,,Single,9806.51902790669,1,70411,4.715680677470017,Suburban,2.4426281604329803
Basic,31,Female,14.0,Single,5675.320477665722,1,192030,5.702660329779101,Urban,2.4395070772785035
Advanced,22,Female,12.0,Married,8589.346883233571,4,115696,4.932680161080821,Urban,1.526754602005786
Pro,58,Female,16.0,Divorced,8433.329973429585,5,171779,8.149397828646835,Urban,1.9089197080710378
Advanced,43,Female,12.0,Married,1831.0521237115408,2,166320,2.4421064745506023,Rural,2.140605841292033
Advanced,45,Female,14.0,Married,13545.82533138192,4,91309,5.4146096451870624,Urban,1.8634966259887078
Basic,19,Male,12.0,Single,11371.933382767642,3,166109,3.2878187293171592,Suburban,2.292510666143899
Advanced,23,Female,14.0,Single,6308.414051562037,2,87421,5.966812152705339,Rural,2.140596008955138
Basic,26,Male,12.0,Single,4193.190778632434,3,60612,3.484622008557261,Suburban,2.9162806201780063
Basic,50,Male,12.0,Married,8542.684841410655,3,33450,2.7242484362750607,Suburban,1.2348604320351062
Advanced,58,Female,18.0,Divorced,7760.09309824319,5,29491,6.1121444077432585,Urban,1.9387820051263012
Advanced,42,Female,12.0,Married,85670.06845689687,2,137026,2.51687612196214,Urban,1.5457487442439044
Basic,30,Male,14.0,Single,8074.7321885822685,3,94804,0.6745484821988876,Urban,2.302053727719522
Basic,26,Male,12.0,Single,9018.722967917778,1,113293,2.466306233652343,Suburban,1.1914140549772276
Advanced,30,Female,10.0,Married,11841.91709817542,1,139498,4.738065893177065,Rural,2.173156355112443
Basic,48,Female,10.0,Single,9204.309615385939,1,157863,6.284077503174183,Rural,1.6849757843258295
Advanced,58,Male,12.0,Married,4351.033503270177,5,125475,3.7222587505930242,Rural,1.6329190669394928
Basic,28,Female,16.0,Married,11587.688558137357,4,48314,6.13639413446805,Rural,1.2767508982296563
Advanced,21,Female,12.0,Married,12421.843690464862,3,71883,0.7836501570448129,Urban,1.767462026899497
Advanced,51,Female,,Single,16956.170203536254,3,107086,2.6134730703641944,Suburban,2.542250265145463
Basic,55,Male,14.0,Single,4129.517900281206,2,121291,2.9228497656917978,Rural,1.9874056582352602
Basic,63,Male,14.0,Single,8228.646039450825,1,29967,3.2708811450549606,Urban,2.313840208937237
Basic,21,Male,14.0,Single,1253.7038904330384,2,63220,3.668188776500393,Rural,2.8323209109831375
Basic,55,Female,14.0,Single,9159.447469137627,2,156019,4.8818219147843855,Urban,2.131877792411288
Pro,36,Female,16.0,Married,5855.399105499682,3,190491,2.6103863236590197,Suburban,1.7206002139688297
Basic,23,Male,12.0,Married,13270.33738447486,3,76131,3.7780573739062513,Suburban,2.233626107591395
Pro,51,Male,12.0,Single,5176.155089944254,1,48876,3.4097542193518966,Rural,1.727851926842854
Basic,35,Male,16.0,Single,2432.450886098215,1,121448,1.6482201922177002,Urban,1.7477886583514153
Advanced,30,Female,18.0,Single,6086.2087778924415,1,171043,3.2726666218371294,Suburban,1.2400536001905076
Advanced,58,Male,16.0,Single,1573.5366863485879,2,69228,3.2126809402057637,Suburban,2.463128745542196
Advanced,40,Male,14.0,Married,9753.29836352193,4,94495,3.169838869993908,Urban,1.8069987121752804
Advanced,36,Female,16.0,Single,1304.7508612310385,3,48261,3.5635189131629015,Suburban,2.091049122907931
Advanced,62,Female,14.0,Single,7585.372743549477,4,126601,3.6513470812267723,Suburban,1.4820190356966803
Basic,28,Female,14.0,Single,1266.56454043141,2,81260,2.6354096417853397,Suburban,2.217973814857736
Pro,18,Male,12.0,Married,6539.106586390074,2,154418,6.0454294679425296,Urban,1.619029380932458
Pro,41,Female,14.0,Married,12430.134467413602,1,76176,1.1610387415939667,Urban,1.929145639149088
Pro,24,Female,12.0,Single,8581.943674307386,4,72300,2.0580597830602074,Suburban,2.438913015619563
Basic,42,Male,12.0,Married,4909.519185105199,3,162412,9.059927248447112,Urban,2.3953796561162646
Advanced,38,Female,16.0,Married,7406.389533182748,1,53012,,Urban,1.9889849637415298
Pro,32,Male,12.0,Divorced,7554.05061613334,3,186465,0.7924906505804827,Rural,1.1159344836466407
Basic,18,Male,10.0,Single,8917.891037530217,2,122153,4.968953490002436,Suburban,3.4964052850303204
Basic,29,Female,10.0,Married,3399.4249101575206,3,176629,0.0,Suburban,2.872929485136568
Advanced,24,Female,18.0,Divorced,9277.701821541992,4,93273,3.029452180055122,Urban,2.3613374124441493
Advanced,32,Female,14.0,Divorced,1000.0,3,132328,7.791649850152977,Urban,1.6233981092045147
Pro,38,Female,14.0,Married,5610.346342908569,3,130304,0.41012815569319905,Urban,1.9432039191490176
Basic,36,Female,16.0,Married,6035.178472645366,1,126637,0.0,Urban,1.7282897851117416
Advanced,46,Female,16.0,Single,9399.980478213716,1,168348,0.5016375960846036,Suburban,2.6319279695481943
Basic,42,Male,12.0,Married,7567.892558030608,1,74639,5.296719136693971,Suburban,2.131251445425917
Basic,50,Male,14.0,Married,3283.31083843114,1,141939,5.749553439971625,Urban,1.6079180708200835
Basic,49,Female,16.0,Married,4545.020622548955,3,27310,2.4748224060429824,Urban,1.7646224504376091
Pro,52,Male,14.0,Single,8096.040028642221,3,186239,4.8664248080021375,Urban,2.560594071284952
Advanced,61,Female,12.0,Married,7262.797974406331,1,122944,6.2805106550239795,Urban,2.8000489234102393
Advanced,55,Male,16.0,Married,5762.6276710927605,4,161463,7.074692828859651,Urban,2.764165781743123
Basic,43,Male,14.0,Single,6057.498631464062,1,142013,3.0073294376403035,Rural,2.3785160325269885
Pro,28,Male,12.0,Married,9588.503991477868,2,161964,0.0,Suburban,1.8736875655986815
Basic,52,Female,14.0,Married,5946.922281392356,2,96733,1.8582421551806265,Suburban,0.5
Pro,25,Male,10.0,Married,7235.72626791278,2,187214,2.6463916101294847,Urban,2.148580011904111
Advanced,63,Female,12.0,Single,14009.809764241629,2,196751,2.982122406843219,Rural,1.9990856205779497
Basic,31,Male,16.0,Single,3228.9520893482313,2,192687,3.124281197982561,Suburban,2.0699910481606767
Advanced,27,Male,10.0,Divorced,1944.4718052760245,2,198625,5.737789195861339,Suburban,2.0269486735166033
Basic,19,Male,14.0,Single,9850.768994395821,5,129264,6.048856853375163,Urban,1.3368689190254215
Advanced,63,Male,14.0,Married,5464.07081611769,1,99071,3.156652692150433,Rural,2.2787042784255926
Advanced,26,Male,10.0,Single,6545.287416772139,1,192074,5.696969752103637,Rural,2.316108157015925
Basic,20,Female,,Married,5156.530865606657,1,142611,4.2153227332621785,Rural,2.3411693910298297
Pro,38,Female,12.0,Single,6720.599577697462,3,90658,3.6290119457251433,Urban,2.4732885017866932
Basic,43,Male,12.0,Married,12295.614336289025,1,29852,,Urban,2.3020258224608114
Advanced,25,Male,12.0,Single,9906.385375854357,4,25387,3.6445040964758317,Urban,1.7949852942305446
Pro,19,Male,12.0,Single,10086.67053566093,3,147571,7.615622354195525,Urban,1.964581576041955
Advanced,23,Male,10.0,Single,3251.3188326220634,3,117295,0.6231776664108817,Rural,2.0455624336266887
Basic,45,Female,16.0,Single,4046.538790341392,3,150381,2.4696582018159647,Urban,2.0538497245533094
Pro,46,Male,,Divorced,1000.0,1,59994,3.2469622060920993,Urban,2.499108827985865
Advanced,43,Female,12.0,Divorced,5071.857536751738,1,136912,4.378905380915981,Urban,2.3218343765112452
Basic,42,Male,14.0,Single,10370.109559156976,2,184797,6.035920974206178,Urban,3.0386717197849764
Basic,29,Female,16.0,Married,9050.839547245112,3,151632,3.4512028655276867,Urban,3.103234489942336
Advanced,22,Male,16.0,Single,6835.460211143628,2,144210,0.6555407009875855,Suburban,2.0398247913069625
Advanced,51,Male,14.0,Married,7433.099148845841,1,76565,5.185027792910009,Suburban,0.5
Advanced,54,Female,12.0,Married,5433.343372273783,5,21312,5.009917532283929,Urban,2.618416233063633
Pro,32,Male,12.0,Divorced,8114.276647205353,1,169277,,Urban,1.7298118305064727
Advanced,61,Male,16.0,Single,9797.634838441845,4,145882,3.492391732658401,Urban,1.5992580390844966
Basic,53,Male,16.0,Married,2652.339637768582,3,162667,0.3197163386394042,Urban,1.8007773625053165
Basic,32,Female,12.0,Single,8398.943063512044,2,107566,2.170697804995875,Suburban,1.7766784765926968
Basic,60,Male,12.0,Divorced,10297.304612864002,1,41329,1.6943821460744004,Suburban,2.3061349050526965
Advanced,40,Male,18.0,Single,6254.699133109891,1,88187,5.1185293964839715,Suburban,1.2202821104368873
Basic,23,Female,16.0,Married,9602.101836361751,3,95542,3.7336603483443676,Suburban,1.4611396271041992
Advanced,63,Female,,Married,15943.96333341766,3,128237,,Urban,2.1715792770987083
Advanced,61,Female,16.0,Married,7186.971621039324,3,134476,5.260131925914685,Rural,2.311472015206654
Pro,60,Male,12.0,Single,8679.92115001597,4,55645,0.6323883521431712,Rural,2.320770822468006
Basic,62,Male,14.0,Divorced,5285.828749015825,3,107502,4.160227580941887,Rural,1.6064818605333504
Pro,38,Male,14.0,Single,8043.7534878061515,1,107310,1.8719786614168885,Urban,1.5108671753668799
Basic,40,Female,10.0,Married,8880.814874946911,2,89619,2.76864583493896,Rural,1.7466825831060404
Pro,60,Male,14.0,Single,8084.527020810414,4,53513,4.508541496076768,Rural,2.1199363761423626
Basic,33,Male,16.0,Single,4440.914040873429,2,28749,4.542898798119058,Rural,2.742738684636275
Basic,64,Female,12.0,Married,8119.085313976352,1,181855,6.173938147111921,Urban,0.9762814071146249
Advanced,32,Female,16.0,Single,11886.58781615291,3,80645,3.3354926006570937,Suburban,1.8896356215208168
Basic,42,Female,14.0,Single,8845.907293543582,2,73175,4.112901725926681,Rural,1.3336607794873983
Basic,53,Female,,Single,10385.961567215523,4,168395,2.6245253551913508,Suburban,1.173878661323255
Advanced,28,Female,10.0,Single,6788.964089962117,3,70762,3.8639797652455954,Suburban,2.483478322672408
Advanced,32,Male,12.0,Married,9749.700718271131,1,84222,4.378972096017024,Rural,2.2723122872496693
Advanced,21,Female,14.0,Married,8337.803514649579,4,185565,3.303380305091248,Urban,2.2247167579736313
Advanced,38,Male,12.0,Single,4647.267810938304,2,32213,0.0,Suburban,2.4605129198654967
Advanced,30,Male,16.0,Single,8455.563014396623,2,117367,4.16294179266179,Urban,1.760140551616932
Basic,39,Female,16.0,Single,4524.910009679068,2,198002,4.229122954710914,Rural,1.783681241833236
Basic,36,Female,12.0,Single,5601.359175345624,1,178785,2.1396530473040984,Urban,3.0928653083612874
Basic,51,Female,14.0,Married,8067.984921877122,2,127157,0.9312259278549715,Suburban,1.8767144728702128
Pro,31,Male,14.0,Married,8391.732820140372,1,52583,6.451758301007931,Suburban,2.3675660565270458
Advanced,21,Female,12.0,Single,3932.3026047686126,2,148792,4.482891021788804,Suburban,2.0031907704816576
Advanced,63,Female,18.0,Single,10661.957313548628,2,99944,3.0418379381565805,Suburban,1.0758707349607923
Advanced,44,Female,16.0,Single,9216.018834901419,3,42369,1.2259342337050252,Rural,0.9776854980993659
Pro,46,Female,14.0,Married,5385.814693167349,4,199000,1.8563703431573082,Rural,1.7105078900300477
Basic,64,Female,16.0,Divorced,2887.245610652474,1,135844,6.105180793572464,Urban,2.5280506258349944
Advanced,45,Male,14.0,Single,7065.286262755706,2,39510,3.7753238817360923,Urban,2.3941458283180017
Advanced,52,Male,18.0,Single,6162.1688584165195,2,32120,2.398825865998587,Urban,2.4570385821120166
Advanced,25,Male,14.0,Married,7839.421371159068,1,119847,4.519378462449312,Urban,1.5064769105318423
Basic,33,Female,16.0,Divorced,6410.6500165333,3,118575,1.8712036251073525,Suburban,2.807936245061157
Pro,59,Female,16.0,Single,1477.6294177649706,3,149269,6.501686060560757,Rural,1.517553349906808
Pro,53,Female,12.0,Single,6334.959185096524,1,25295,6.205601069793451,Rural,2.1064121993349842
Advanced,47,Male,16.0,Single,6583.142666795061,2,40460,2.566851857594447,Urban,1.9948238550461317
Advanced,35,Female,12.0,Married,9400.983074322176,1,34963,2.2426595059382795,Urban,1.9130630898427068
Pro,19,Female,12.0,Single,5405.400976166851,3,97116,0.0,Suburban,2.669296069147803
Advanced,30,Female,12.0,Single,12536.024020117698,1,47328,0.536838456897264,Suburban,1.6474447399170198
Basic,21,Male,,Married,1765.078348044729,5,104629,0.8210604500844876,Urban,1.325197372144036
Advanced,43,Female,16.0,Single,11433.502493407874,3,144034,3.7703806819747716,Rural,2.0099977431032094
Advanced,42,Male,16.0,Married,6827.043087365686,2,41605,2.8475325911172806,Rural,1.8000866328567366
Advanced,47,Female,16.0,Single,10078.754617030669,3,130901,0.8093290251695171,Urban,3.6886914595413227
Advanced,28,Male,14.0,Single,7739.404452176199,4,195885,2.9376719150708857,Rural,2.3382537382199873
Pro,24,Male,18.0,Married,10918.666608076408,3,197443,4.510674295294697,Urban,1.795329712390688
Pro,48,Male,14.0,Single,6337.914106341566,1,128241,4.555678699831175,Suburban,1.4719442154064568
Advanced,61,Female,12.0,Divorced,4204.138724466564,2,67598,0.0,Urban,1.0598557947156078
Basic,27,Female,12.0,Married,11761.51286181319,4,92258,3.2434730390323385,Urban,1.4873904571312835
Pro,56,Male,16.0,Single,7159.558062353576,3,60969,0.7333184460567792,Rural,2.057470885879566
Pro,30,Male,16.0,Married,8164.675420872632,3,187984,5.303457394280548,Urban,2.7136643257973847
Basic,48,Female,12.0,Single,11204.255742134384,4,189446,5.068292832706997,Suburban,2.5608445711939596
Pro,24,Female,10.0,Divorced,4404.134273716695,4,82784,1.7039455473510832,Urban,2.1145474158231896
Pro,59,Male,16.0,Single,92864.72692917772,4,167000,1.9679095951992003,Urban,1.8384161671487576
Advanced,59,Female,10.0,Married,5730.315730611327,1,41274,2.5774658990033856,Urban,2.1344061782060773
Advanced,53,Female,16.0,Single,7103.4919330668845,3,149994,0.0,Urban,1.740681001257712
Basic,37,Female,,Single,7716.836896152867,3,54416,4.171936346881154,Suburban,2.859181997881938
Basic,21,Female,14.0,Married,2999.334415659192,3,120434,,Urban,1.90540490936246
Basic,24,Male,12.0,Married,5163.488871538695,3,180119,5.440350165135718,Suburban,1.9568310708766365
Pro,18,Female,16.0,Single,11553.218677239418,1,194428,1.3031815640748947,Suburban,0.8920887874896659
Basic,61,Female,16.0,Single,10158.573565754386,3,188206,2.2617541035001367,Suburban,1.902282576738618
Basic,62,Male,14.0,Married,7312.081268018295,3,71310,,Urban,2.4182420689824706
Basic,59,Male,,Divorced,8229.37037553868,1,100758,1.4914188730114937,Rural,1.4661387114807274
Advanced,64,Female,10.0,Single,6617.272483090627,2,163435,1.136036007863562,Urban,1.6246398327535936
Pro,30,Female,14.0,Single,11569.750157483946,1,195635,5.491947357692892,Urban,2.3963555088668325
Basic,39,Female,16.0,Single,6898.942266617509,2,50628,2.1034763024972154,Urban,1.2616713882409734
Basic,38,Female,16.0,Married,8195.526276404544,1,89672,3.7483513694892268,Urban,2.5289005037709593
Advanced,39,Male,12.0,Single,10938.090432426196,2,66246,2.738473192276391,Urban,1.733928054913449
Advanced,45,Male,16.0,Single,5167.885545462281,3,162233,0.9610694679743741,Suburban,1.8057158897543986
Basic,26,Male,14.0,Married,12176.367553490682,3,109110,3.1633991536567145,Urban,1.438060797437203
Advanced,43,Female,12.0,Single,2908.6157707698694,3,22810,4.6982066637271895,Urban,2.1890231302139416
Basic,26,Female,12.0,Single,12388.926393338395,4,91688,1.0844812149132954,Suburban,3.22993599251469
Basic,32,Female,16.0,Single,6381.973248144076,2,85548,5.118225581462758,Urban,2.390748619730316
Advanced,27,Female,12.0,Single,6771.903756524154,1,31162,1.8005581570446074,Urban,1.5678573690297322
Advanced,41,Male,12.0,Single,1829.9694864511712,4,107858,2.5340321478543184,Urban,2.567810292745738
Pro,59,Male,12.0,Married,6135.615847866921,1,93535,4.561366246020095,Suburban,1.8416602270328752
Basic,25,Female,16.0,Single,4380.580406919347,5,158291,2.173127685561024,Urban,2.6872424907137797
Advanced,41,Male,14.0,Married,5677.060963879582,4,90864,3.575149718671731,Urban,2.4033382010821813
Advanced,33,Female,16.0,Married,7088.067102633361,3,154693,2.870618342423815,Suburban,0.5284292172641334
Basic,43,Female,12.0,Married,10373.374843418716,5,138371,3.758736013407637,Suburban,1.4979601835224863
Advanced,44,Male,14.0,Single,8122.810054201877,1,109792,,Suburban,2.472192611417695
Basic,54,Female,14.0,Single,8423.029960203341,2,195505,0.0,Rural,2.075828636072509
Pro,21,Female,16.0,Single,4213.441833463313,3,86188,4.731934012093676,Urban,1.4881220261460748
Basic,41,Male,18.0,Single,4857.73773119181,2,101718,5.5743628112981005,Urban,1.6832052422530936
Advanced,36,Female,10.0,Single,12896.175055053936,4,56558,1.6790265929369574,Urban,1.0468816899553097
Basic,53,Female,14.0,Married,5294.396895710261,1,148938,,Urban,1.955813356236802
Pro,56,Male,10.0,Single,12468.624756171886,3,166731,4.089438505804603,Urban,3.105344863007882
Advanced,27,Female,14.0,Single,6770.8164033574,3,54413,4.886435203317408,Urban,2.402466695366163
Advanced,42,Male,12.0,Single,7506.863808430512,3,30435,0.0,Suburban,3.095208500594212
Basic,35,Female,12.0,Married,10711.09548068979,2,48067,1.7279195060432457,Suburban,2.44119854489499
Advanced,36,Male,12.0,Single,11315.67726581597,2,107794,2.83484124030025,Urban,2.513739671676346
Basic,53,Male,14.0,Married,7167.562319162737,4,113823,4.906280394472098,Suburban,2.987039343872512
Pro,27,Male,12.0,Single,6335.270839435383,1,89224,8.49686096744299,Urban,2.188631629671113
Basic,50,Female,16.0,Married,7332.23865443336,4,21379,3.0439885463805645,Urban,1.9063863392465599
Basic,22,Male,14.0,Married,8513.872584696355,3,122547,0.6860450757920225,Suburban,2.516328758311006
Basic,64,Male,10.0,Single,10173.911060609265,3,128541,4.304536154402596,Urban,2.726920118560942
Advanced,52,Male,16.0,Single,7512.689576982455,3,178696,6.14199157908142,Urban,1.7600176786438955
Advanced,61,Male,12.0,Single,9356.65889406946,2,134634,3.716028241959002,Urban,1.6392154588299854
Basic,51,Male,14.0,Single,12415.079196812821,3,148701,1.6867029096914143,Rural,2.06942801621544
Advanced,50,Female,14.0,Married,8643.928836794354,4,77745,5.415987882960038,Suburban,2.415749433465831
Advanced,38,Female,12.0,Married,8434.958568014335,2,123915,,Urban,2.3990455243307807
Advanced,34,Female,10.0,Married,2943.2675247297966,5,163588,1.4478383116087512,Rural,1.2879161999062005
Advanced,39,Female,12.0,Married,1000.0,2,149560,4.262851235068684,Suburban,2.955803033531661
Advanced,54,Female,18.0,Single,8665.127187690505,1,175915,5.494531135317745,Suburban,1.6794175353015748
Advanced,32,Female,14.0,Single,7215.5273061573835,2,156984,5.863780085117787,Rural,1.8674675015557103
Basic,52,Female,14.0,Married,5955.651975255774,5,172586,3.367102049381088,Urban,1.5486728200060902
Basic,45,Male,14.0,Single,8230.590612559034,2,179869,2.7838411076413623,Urban,3.349164417968544
Pro,24,Female,12.0,Married,7318.788812409275,4,157521,5.954547644162526,Suburban,2.1210353351439837
Pro,49,Male,14.0,Single,10883.340751901695,4,152797,1.0796789940382299,Suburban,1.5745124596592175
Basic,28,Male,16.0,Single,7758.332604776933,2,101406,4.377158581842011,Suburban,2.431961774981223
Basic,27,Female,12.0,Divorced,5259.230144789497,1,29304,0.7599467452711415,Suburban,2.3845678896550164
Advanced,26,Male,12.0,Single,10470.498716877868,3,145555,5.630752544519206,Rural,1.906136488210058
Advanced,31,Male,12.0,Divorced,6848.606775161393,2,164735,2.983908968777677,Rural,2.420303356391692
Basic,30,Male,14.0,Divorced,9079.610051016922,3,90320,6.037166471294938,Rural,1.5873540195845677
Basic,42,Male,,Married,6067.767881421599,2,114488,4.482825512711054,Rural,1.753540862525374
Advanced,19,Female,10.0,Married,5550.519343507691,2,95591,1.0535595398761401,Rural,0.9948916727169685
Advanced,52,Female,14.0,Married,7752.504690557089,3,115044,6.349255464154487,Urban,1.3380244578902185
Basic,24,Female,12.0,Married,7538.485930631055,2,163748,6.602490532855459,Urban,2.9038154028353427
Basic,38,Female,,Single,8939.481106100498,2,45192,5.2645729851984315,Urban,2.8207143138611572
Basic,35,Female,12.0,Single,6694.062740070773,2,175794,1.9768242699275602,Rural,2.0328943243244812
Advanced,20,Female,14.0,Married,1990.920648688808,2,158518,2.8879720912851825,Suburban,2.8314657235949188
Basic,59,Female,16.0,Single,6201.678349234834,3,139304,3.7908544348115187,Suburban,1.9199627566958477
Basic,56,Female,16.0,Single,9881.455401431447,4,155797,2.0925792013371334,Urban,1.878294848716046
Advanced,58,Female,14.0,Single,6607.871762270681,2,108207,6.884693144926409,Urban,2.028255324232778
Basic,28,Female,12.0,Married,6760.849792456356,3,93741,3.7886529434520737,Suburban,1.9375392023382172
Advanced,56,Male,12.0,Married,10459.12951771781,3,36365,0.0,Urban,1.8924018382199097
Basic,41,Female,12.0,Single,5364.080318223232,2,85792,4.178711625512441,Urban,2.5716990535747764
Basic,63,Male,12.0,Divorced,2871.590345271301,2,166776,2.8036852063653734,Urban,2.0750678269781018
Basic,36,Male,14.0,Married,7018.1066414235165,4,70575,3.3501468877631044,Urban,2.3562408822169023
Advanced,21,Male,12.0,Married,6047.4781462537885,3,180974,2.762761268428601,Suburban,2.5156902626386657
Pro,43,Male,12.0,Married,4601.261040740238,3,139641,5.114092833213375,Urban,2.1940928978273666
Pro,55,Female,14.0,Married,6973.8646323039275,3,152267,5.739375557106762,Suburban,1.5148643370458805
Basic,59,Male,,Single,89745.16941740351,1,73517,4.066106324517308,Urban,1.3235670555179806
Advanced,49,Female,14.0,Married,7472.134315296553,3,54012,2.821377625723682,Rural,2.0743903174036524
Basic,56,Female,10.0,Single,8420.943218058714,3,162487,3.4173255903816595,Urban,1.9143718475875326
Basic,62,Male,10.0,Married,12940.22309554627,3,190606,3.5391992331552564,Suburban,2.043695714460061
Pro,63,Female,,Divorced,6471.363415327308,2,41686,1.8951399202703263,Suburban,1.991972980375707
Basic,53,Male,12.0,Single,8335.04590393401,1,179815,4.65785729714247,Urban,3.2917868300832835
Basic,57,Male,10.0,Single,5972.359912202596,1,52161,4.420084647720932,Rural,1.334886872179331
Basic,54,Female,14.0,Married,4960.920840339081,5,22402,6.580882479553347,Suburban,1.0050268650894376
Basic,50,Female,14.0,Single,5745.27703974669,2,83190,6.01069956057695,Urban,2.166188416759805
Basic,53,Male,14.0,Married,6063.724285434934,2,33275,2.1286501648197396,Urban,1.8117887227059024
Advanced,20,Female,12.0,Single,8578.427392641377,1,179254,5.140596749017929,Rural,2.1580339348649757
Advanced,26,Female,10.0,Single,14547.227360102272,1,34915,1.5980932338110567,Suburban,2.2919415111420007
Pro,25,Female,,Divorced,5351.869691172479,3,20909,4.891864201881699,Urban,2.642052347589449
Pro,50,Male,12.0,Married,6250.124083153612,3,134110,2.4667716024797843,Urban,1.2463870898080307
Basic,23,Male,14.0,Married,7310.630960666255,3,85908,1.4534935532488311,Rural,1.7216410510714186
Basic,58,Female,16.0,Single,8687.396546129241,2,147337,4.060090685394809,Suburban,2.214380629440382
Basic,56,Female,14.0,Married,8290.652435864355,3,42620,0.0,Suburban,2.3852317978436135
Advanced,21,Female,12.0,Married,11352.287381844351,1,54112,0.0,Urban,3.096724775144193
Basic,30,Female,12.0,Married,1000.0,1,22431,3.1450162324514337,Suburban,2.4778519855569336
Advanced,19,Female,14.0,Married,1000.0,2,106590,3.664883533269685,Urban,1.9716057020568614
Advanced,22,Male,16.0,Married,6012.365483969552,2,82175,2.7613624596836224,Urban,1.5547821235286692
Advanced,61,Female,18.0,Single,10791.900562631126,2,137472,0.34112740256480256,Suburban,1.7178550736404903
Advanced,44,Male,12.0,Single,2803.0559051832115,3,52624,1.864216315722989,Rural,1.7036485885214467
Basic,49,Female,12.0,Married,1000.0,3,81264,4.282418654474788,Urban,2.3276168142568805
Pro,38,Male,18.0,Single,9213.538218657626,4,133766,4.663563541256725,Urban,2.1284987227929153
Advanced,25,Female,16.0,Married,8230.971671108144,2,183030,,Suburban,1.3381752145789105
Basic,55,Male,16.0,Single,4229.3747796017105,1,152767,5.813667562073977,Suburban,1.7820492654547835
Pro,25,Female,12.0,Married,4543.3811978372105,2,120211,4.294794046918469,Rural,2.4387737767257103
Advanced,20,Male,14.0,Married,4590.768841095976,5,139502,2.0050886920835755,Suburban,2.1758311774870296
Pro,61,Male,16.0,Single,7831.605952421821,3,64225,2.9389958931767652,Urban,2.2843223080063852
Advanced,20,Male,14.0,Single,5621.054171450979,3,152475,0.6942676855842906,Rural,2.1914608550286316
Advanced,39,Male,14.0,Single,8982.191756926559,1,189708,3.2837220192171666,Suburban,2.8132153673044296
Basic,23,Male,10.0,Married,1000.0,3,30839,5.724201238442677,Rural,2.118021531912185
Basic,19,Male,14.0,Married,4929.444404616603,1,198901,4.8705801694219355,Suburban,1.806988601064651
Advanced,40,Female,12.0,Single,4121.838117266849,3,160302,6.304018651838244,Rural,1.5421224794332198
Advanced,61,Male,14.0,Married,6730.977964882523,4,71977,2.894229512402014,Urban,2.1248047291048557
Basic,19,Female,,Single,5885.856724529584,5,191304,6.192199589028515,Urban,0.779647992612458
Basic,55,Female,12.0,Single,9893.531339687299,3,133050,3.1133915471040603,Rural,1.907855499083644
Pro,34,Female,16.0,Divorced,1921.9896850198274,2,45651,6.443170165139788,Urban,1.897080070039328
Pro,52,Female,12.0,Single,7636.474428992256,4,117919,3.4562865051157527,Urban,1.3177645731913596
Advanced,51,Female,14.0,Single,9175.009269635117,3,59963,4.914462747608553,Suburban,1.535867080672002
Basic,40,Male,,Single,13069.942309685865,1,137776,6.450224728619711,Rural,2.4048287650741207
Basic,47,Male,12.0,Single,6054.702086719574,2,99198,3.113144742837589,Urban,2.115355874537481
Basic,25,Male,10.0,Single,8473.375813057552,2,164811,3.9367779750883485,Rural,2.0508941668536638
Pro,39,Female,14.0,Single,2088.411622312905,2,150697,6.0777268504126045,Suburban,2.1531737669660114
Basic,61,Male,10.0,Married,1000.0,2,83294,3.233993672139873,Suburban,2.046313793974462
Advanced,53,Male,16.0,Single,10034.3231273451,3,199428,0.8582154349876778,Rural,2.621431281429157
Basic,22,Male,18.0,Married,7483.319119055788,2,21789,7.78601410916982,Urban,2.061714590851824
Advanced,30,Male,14.0,Single,11035.538069395268,1,170492,2.5604710713257264,Urban,1.2708934430906247
Advanced,46,Male,12.0,Single,3379.7913330907522,3,109297,3.8175121018750855,Urban,2.815064982437205
Pro,48,Female,14.0,Married,9059.706418586258,4,188678,5.812013338902254,Suburban,2.185170133664423
Basic,64,Male,16.0,Divorced,13106.45352163156,3,189712,2.2830121925375964,Suburban,1.705373134602466
Basic,33,Female,10.0,Single,87591.16825071798,2,138341,1.4842641735557396,Rural,1.3732991408524908
Basic,59,Female,14.0,Married,8329.744516773146,4,64135,4.0074745935496665,Suburban,2.1979571104790225
Pro,47,Female,14.0,Married,7525.66824247305,4,57067,0.0,Suburban,1.9414139975128122
Pro,33,Female,14.0,Married,2787.355628622264,2,37357,2.9241878462641595,Suburban,2.7870733930162044
Advanced,29,Female,12.0,Married,11566.718807131045,1,190923,3.9900773286308118,Urban,1.827046359666586
Advanced,34,Male,16.0,Single,5667.427080584803,3,58262,2.9600962063496716,Urban,1.5813096051587665
Advanced,33,Male,10.0,Single,9013.44976914905,4,78643,0.4130981136285059,Rural,2.4478981091179643
Basic,29,Male,12.0,Married,2810.8970802862395,5,172606,6.688355912408024,Urban,2.4626409463584156
Pro,25,Female,16.0,Single,3961.6210064766587,4,111270,3.7070763078983506,Urban,2.0843256838050976
Advanced,37,Male,16.0,Divorced,11805.262197666707,3,183944,6.362304235523482,Suburban,2.3381785238374544
Basic,20,Male,10.0,Single,6458.093133126471,3,158761,2.9799274996391105,Urban,1.981156439628881
Advanced,33,Female,12.0,Single,11859.826428127633,1,89103,1.7399760366184722,Rural,2.1169325505046235
Basic,47,Female,12.0,Married,7265.308022824446,2,106268,4.03836184051032,Urban,2.5824954412819614
Basic,62,Female,12.0,Single,1974.306681126428,2,106310,3.0684257473435608,Urban,2.3126591670107515
Advanced,40,Female,12.0,Married,10176.202799195162,3,57412,1.144477084017284,Urban,1.9153627808336877
Basic,45,Male,10.0,Married,5730.323046733177,3,67734,6.439568517574991,Suburban,2.6761812729630754
Advanced,57,Female,14.0,Divorced,9596.06644055113,3,107793,2.255459554212008,Urban,0.8175723136042439
Basic,22,Female,16.0,Married,7575.632602620246,2,42228,0.0,Suburban,3.0260366557109677
Basic,37,Male,14.0,Married,2870.645316171389,3,140627,6.156332107914666,Rural,1.1470204525546324
Basic,57,Male,14.0,Married,7992.884296111707,1,97924,2.4914039683747538,Rural,1.686453587613852
Basic,61,Female,10.0,Divorced,14088.669426458397,2,31319,,Urban,1.9795412324024655
Advanced,18,Male,,Single,8978.959375543378,3,26475,0.0,Urban,1.9267596646359193
Basic,47,Female,16.0,Single,7327.446740983611,3,165800,6.981882973193981,Suburban,2.5032055200132772
Advanced,38,Female,16.0,Single,10726.030205870693,5,49545,0.921038825580625,Rural,1.471081690694883
Advanced,37,Male,16.0,Single,8132.0053956093325,2,116636,3.6168989614113,Rural,2.1303834087415314
Advanced,23,Male,18.0,Married,8128.602690788383,2,189771,5.325240645080881,Urban,1.710893950890123
Pro,39,Female,14.0,Married,4225.124483522692,2,187893,4.343433866006194,Suburban,2.1475704896687082
Advanced,35,Female,12.0,Married,8201.544077368795,2,50615,3.380691376015617,Urban,1.9676138701010617
Basic,25,Female,14.0,Single,10606.330249250834,4,33746,0.09666828342516753,Urban,2.046467826341489
Basic,56,Male,16.0,Married,4991.8135436999255,3,173817,1.8805503284654321,Urban,1.7250375837678271
Basic,49,Female,16.0,Single,11773.487463740843,4,21245,3.875600676085044,Urban,1.7449680249519588
Advanced,50,Female,14.0,Married,7224.881927564622,2,137408,1.9256518600260073,Urban,2.1436362570137133
Basic,33,Female,10.0,Married,4836.691465384378,4,132143,3.9067189199975356,Urban,2.471857752878022
Advanced,29,Female,12.0,Single,10492.896230760733,1,175925,4.8634868176302835,Suburban,1.700860332901076
Advanced,55,Female,18.0,Single,6639.617292785192,4,47632,5.425005771600203,Urban,1.5656162277135452
Basic,51,Male,14.0,Single,9778.544662458324,2,32856,1.0476412843746332,Suburban,2.3067300828359185
Advanced,31,Female,14.0,Married,6624.724103224388,2,88049,7.893292109957908,Urban,1.9837480534711553
Basic,53,Female,12.0,Divorced,7320.521569410289,3,78182,5.034958689108262,Urban,2.415249066992976
Basic,50,Female,12.0,Married,8980.680613002874,4,153873,3.496571692661872,Urban,1.5471013933144262
Advanced,40,Female,16.0,Single,8372.691172770017,1,190821,5.679073166153281,Urban,1.1102805372882845
Advanced,62,Male,14.0,Single,1513.4046586447848,2,75654,8.230815543999947,Suburban,1.733497959086833
Advanced,19,Male,16.0,Married,4136.268779716825,4,75381,0.6225597978862609,Urban,1.616823695367492
Advanced,58,Male,14.0,Married,10288.229954372448,2,78601,3.049474715017293,Suburban,1.96060579995985
Basic,38,Female,14.0,Single,7103.590233295358,1,166154,0.0,Urban,1.6815773928648052
Pro,19,Female,12.0,Single,5928.806091685735,2,165720,3.8853030652960494,Suburban,2.3705084756682244
Advanced,44,Male,16.0,Married,3424.277954227577,2,20364,4.230788483850281,Suburban,1.855924868788742
Advanced,26,Male,14.0,Single,4260.791036172455,4,185640,3.421675769114481,Urban,2.0752372493869506
Basic,18,Male,14.0,Single,1434.604080114158,3,27436,2.1909328580033804,Urban,2.078817279220472
Advanced,28,Female,14.0,Single,7196.157843895401,3,106713,0.0,Urban,2.0974775462060937
Basic,20,Female,18.0,Married,5704.687258256859,5,177826,4.247067366823537,Suburban,1.9879354447725133
Basic,40,Male,10.0,Married,4600.236327044055,2,80194,6.41086896783065,Urban,2.255300345205157
Pro,43,Male,16.0,Divorced,7295.629724496141,1,44544,2.317963088533136,Suburban,1.6021724330870963
Basic,21,Male,12.0,Married,8591.911892558215,2,83295,4.38011985804629,Suburban,2.6997089633269415
Pro,35,Female,14.0,Married,13779.593796629833,2,163710,0.3637113731598989,Rural,1.8817313083157323
Advanced,23,Female,10.0,Single,2964.3497413103596,1,89409,4.414426127385028,Suburban,1.3442254310506592
